Finca,Descripcion,K_USLE,pH,C_Oxid,MO,P.BrayII,Ca,Mg,K,CIC,Fe,Mn,Cu,Zn,B,S,CE,N_Total,D_APAREN,D_REAL,POROSIDAD,Macroporos,Mesoporos,Microporos,Hum_campo,Hum_grav_Sat,Hum_vol_Sat,C.C,PMP,CHS,Infiltracion,LAA,X_.6.3.mm,X_6.4mm,X_4.2mm,X_2.1mm,X_1.0.5mm,X_0.5.0.25mm,X_0.25.0.125mm,X_.0.125mm,Est_agre_sin_arenas,Arcilla,Limo,Arena,Ind_plast,MO.75um,MO.53um,MO.53um.1
Finca1,CAR001,0.144682222,4.44,2.373,5.512,4.87,0.77,0.27,0.07,17.66,47.99,12.13,0.828,1.622,0.792,29.68,0.21,1487.8,1.06294886,2.501368792,57.50531214,18.06538032,13.75600723,25.68392459,13.58803459,50.51376656,53.69355059,39.43993182,25.68392459,110.1802322,174.114603,14.6219322,15.77714825,20.79792257,25.05193579,18.26723324,10.47403211,4.651558074,2.746931067,2.233238905,2.65,48.92,41.65,9.44,16.55,27.37,24.27,30.48
Finca1,CAR002,0.110084294,4.4,2.705,6.285,3.61,1.39,0.95,0.46,20.08,16,6.441,0.028,0.283,0.519,23.69,3.2,1478.8,0.96644105,2.439475399,60.38324264,20.32074691,13.5423401,26.52015563,24.4729922,55.83049532,53.95688251,40.06249573,26.52015563,39.9253544,64.36944893,13.08787338,10.07417297,18.1479009,26.24091381,18.07150274,12.49517876,7.100578549,4.670672007,3.199080255,3.1,53.48,39.5,7.02,17.63,31.91,28.2,32.19
Finca1,CAR003,0.09174021,5.09,3.182,7.392,7.96,1.66,0.29,0.42,24.36,11.74,4.392,0.582,2.165,0.966,31.87,0.5,1593.6,1.055747885,2.48557497,57.52500333,14.18026269,15.94027747,27.40446317,17.517683,53.89235341,56.89673815,43.34474065,27.40446317,26.01081289,41.22181458,16.82891424,15.80957079,22.13418846,26.83867785,16.200296,9.316230883,4.55648742,2.658115442,2.486433152,3.16,53.29,38.8,7.91,21.38,42.92,38.91,41.92
Finca1,CAR004,0.115240767,5.41,2.698,6.269,2.88,2.74,1.32,0.81,24.45,31.42,15.15,0.441,1.814,1.142,25.04,0.19,1870.4,0.883187157,2.522616792,64.98924609,22.17912941,16.60872359,26.20139309,21.08959196,70.12123004,61.93016981,42.81011668,26.20139309,88.16102168,143.2616602,14.66861137,23.48906021,23.33548341,21.76388078,14.35328808,8.051519898,4.380010443,2.68657022,1.940186954,3,52.62,40.82,6.55,23.09,38.66,37.68,40.98
Finca1,CAR005,0.203087614,5.03,2.496,5.799,1.75,0.49,0.73,0.09,22.04,57.01,15.98,0.255,1.494,0.711,22.45,0.1,1873,1.167558612,2.384643351,51.03843884,6.106178839,15.1439145,29.78834551,12.33160999,47.4878031,55.4447935,44.93226001,29.78834551,4.776181401,7.641890242,17.6814078,23.18827385,24.74417334,26.35469774,12.87144938,5.529861617,2.537327021,1.817188638,2.957028405,3.09,49.91,43.68,6.41,18.61,33.95,28.41,33.14
Finca1,CAR006,0.139745814,5.16,2.812,6.533,2.02,1.54,1.48,0.15,27.49,15.76,5.282,0.267,0.47,0.819,28.47,0.2,2351.8,0.942390496,2.356239092,60.00446225,13.56806556,19.19691896,27.23947774,13.909205,66.63348769,62.79476549,46.43639669,27.23947774,10.36934101,16.45701675,18.09099397,9.260579901,19.45388008,29.6349817,18.82424697,10.53016796,5.549404148,3.524444027,3.222295205,2.94,53.73,40.89,5.38,20.17,40.95,37.23,38.83
Finca1,CAR007,0.211947346,5.18,3.026,7.03,1.13,1.34,1.86,0.97,27.98,10.99,6.931,0.239,0.889,0.587,27.74,0.24,2756.1,1.009134673,2.384325428,57.67630284,4.099397633,16.59973139,36.97717382,23.76426645,62.27640589,62.84528052,53.57690521,36.97717382,0,0,16.75136451,17.76324778,24.14853128,26.73855763,14.17780814,7.11622914,3.819654533,2.868156534,3.36781497,3.12,68.86,24.74,6.4,20.35,42.15,38.21,43.5
Finca1,CAR008,0.193745952,5.28,3.37,7.83,1.69,4.88,3.34,0.48,25.79,18.08,5.826,0.239,0.448,0.842,30.13,0.42,3135.9,0.870658431,2.647741593,67.11694097,31.36516244,10.62344703,25.1283315,14.12455876,64.86880107,56.47856856,35.75177853,25.1283315,0.594545403,0.951272644,9.24939372,18.0234059,25.5055503,26.8574133,14.02547113,6.774804234,3.523793133,2.516134584,2.773427416,3.32,60.82,32.97,6.21,20.08,50.69,46.06,48
Finca1,CAR009,0.090399062,5.19,4.019,9.337,2.93,0.97,1.58,0.98,29.3,5.866,7.658,0.129,1.28,0.986,39.03,0.83,3262.9,0.865485349,2.515303749,65.59121938,21.73739984,11.18170063,32.67211891,27.81544847,68.84968992,59.5883979,43.85381954,32.67211891,14.95193389,23.78181611,9.67759807,5.590818056,14.46541365,27.05823448,18.30765676,12.41411185,7.275458327,5.996764751,8.891542135,3.1,41.55,50.11,8.34,21.35,46.28,37.62,39.88
Finca1,CAR010,0.078625103,4.98,2.439,5.665,1.09,1.26,1.5,0.8,22.29,13.94,6.357,0.254,0.758,0.359,25.07,1.54,1796.3,1.033444049,2.415920639,57.22359285,10.6999534,10.91554051,35.60809894,23.29911964,57.92729928,59.86462271,46.52363945,35.60809894,100.2442937,160.5114042,11.28060038,22.51934327,28.87809021,23.15531232,13.17701453,6.481411587,2.909039441,1.675787885,1.204000755,5.27,63.4,32.18,4.42,24.51,39.49,38.86,42.83
Finca1,CAR011,0.127501936,5.96,3.361,7.807,0.8,3.21,2.21,2.15,34.81,3.169,6.003,0.064,0.919,0.592,35.13,0.21,2651.1,0.822941958,2.262911206,63.63348433,18.56389756,23.00110324,22.06848352,19.65283832,66.92990103,55.07942382,45.06958676,22.06848352,15.96037168,25.36727051,18.92857295,10.02633119,15.87965672,22.99297835,18.22605812,12.93739029,8.477667252,7.006046421,4.45387166,3.25,43.33,50.75,5.93,20.11,51.82,46.32,47.59
Finca1,CAR012,0.067303235,5.46,2.133,4.956,0.53,1.4,1.33,0.65,22.38,17.7,4.117,0.163,1.415,0.441,17.14,0.12,1497.5,0.905724427,2.450020008,63.03195794,13.06277714,17.10259942,32.86658138,24.43725995,76.94832029,69.69397331,49.9691808,32.86658138,111.7226018,177.5708936,15.49024206,18.6807039,21.222663,23.31095514,19.82606042,9.365273116,3.976197742,2.17271895,1.445427729,3.04,67.78,27.29,4.93,19.91,31.56,29.91,32.48
Finca1,CAR013,0.087211029,5.14,2.432,5.65,1.03,1.82,1.04,0.24,28.72,11.8,3.542,0.223,0.143,0.524,27.96,0.13,1902.8,0.882044141,2.401516289,63.27136545,8.545298832,22.93060354,31.79546309,28.4866539,78.34361775,69.10252904,54.72606662,31.79546309,40.27285647,63.41817628,20.2258045,7.212553774,16.60735237,26.43527571,19.89147438,14.3244036,7.927258506,4.912006257,2.689675401,3.31,60.8,33.09,6.11,15.82,35.91,36.62,39.45
Finca1,CAR014,0.119701716,5.49,2.496,5.799,1.37,2.09,1.14,0.24,23.6,6.308,12.42,0.127,2.354,0.579,28.75,0.17,2291.2,0.944994941,2.344807253,59.69839567,18.48033161,6.132784324,35.08527973,25.11856705,63.15046434,59.67686935,41.21806405,35.08527973,10.86451646,17.21803486,5.795450164,10.32465675,23.30306064,29.88558352,16.75843822,9.465102975,4.915617849,2.977688787,2.369851259,3.31,60.33,33.91,5.76,18.56,41.5,41.32,46.55
Finca1,CAR015,0.148380942,5.72,2.967,6.894,2.19,1.29,0.87,0.34,28.9,3.953,26.56,0.061,2.482,0.824,28.78,0.17,2320,1.152540523,2.369119599,51.35152636,5.690011395,7.505118381,38.15639659,28.4911761,46.77480537,53.90985867,45.66151497,38.15639659,9.960661517,15.85454407,8.649953068,22.61090991,27.01222273,25.99592576,12.17971933,5.667722952,2.847442282,1.886600272,1.799456768,4.2,50,43.12,6.88,15.27,42.78,39.3,41.35
Finca1,CAR016,0.098950433,5.07,2.702,6.276,1.37,1.99,0.68,0.37,24.67,7.748,10.35,0.117,1.102,0.916,24.56,0.43,1878.5,1.022738691,2.342542629,56.34065831,11.37174664,15.37545594,29.59345573,18.28199455,59.23459837,60.58151557,44.96891167,29.59345573,19.8626044,31.70908814,15.72507367,14.47505669,23.43197279,26.4478458,14.75056689,9.997732426,5.295918367,3.209750567,2.391156463,3.26,56.33,37.88,5.79,13.26,37.37,37.29,40.61
Finca1,CAR017,0.183395707,4.76,1.524,3.54,0.66,0.61,0.53,0.28,24.48,17.45,7.177,0.121,0.503,0.237,20.82,0.57,907.9,1.062485712,2.411689782,55.94434575,5.714428888,21.15520424,29.07471262,24.6335793,53.41958961,56.7575507,50.22991686,29.07471262,64.42012791,103.1496637,22.47710224,1.350259665,2.732833237,8.872475476,25.85227928,28.50317369,15.16214657,7.177149452,10.34968263,3.3,49.38,43.69,6.93,11,20.79,17.73,18.58
Finca1,CAR018,0.112586042,4.22,1.939,4.508,3.91,1.05,0.13,0.25,22.24,23.86,8.212,0.122,1.069,1.12,27.34,1.3,1391.2,0.910502612,2.384304787,61.81265847,13.17113015,19.1221995,29.51932882,26.2331527,68.37339632,62.25415595,48.64152832,29.51932882,109.1036488,172.7828213,17.4108126,6.631856334,14.64766738,27.00858872,20.59633028,13.41011126,7.921139957,5.456763615,4.327542456,3.2,58.18,35.95,5.87,16.07,29.04,30.47,34.89
Finca2,HAR 001,0.317564532,6.13,1.636,3.8,0.96,4.65,5.88,0.26,24.9,4.843,14.96,0.631,0.696,0,26.81,0.149,1051,1.115657768,2.554633867,56.32807572,12.85113958,2.805183792,40.67175235,39.60601982,51.44173906,57.39137578,43.47693615,40.67175235,0,0,3.129625089,69.61579822,14.10695083,8.700752762,3.679082348,1.655424121,0.547463095,0.756020465,0.938508163,3.12,50.5,39.09,10.4,21.89,23.94,23.55,25.4
Finca2,HAR 002,0.27222841,5.99,2.119,4.923,8.15,0.93,0.45,0.67,14.2,14.26,34.19,1.137,0.864,0.185,20.66,0.193,1421,1.09269577,2.571428571,57.50627561,21.3606234,4.280435873,31.86521634,35.20422913,51.65613513,56.44444035,36.14565221,31.86521634,0.401312082,0.634181763,4.677214172,43.15971846,24.76881429,18.54250135,8.129940444,2.746074716,1.017866811,0.677855983,0.957227937,4.62,49.67,41.45,8.88,16.84,28.71,25.64,29.73
Finca2,HAR 003,0.165949912,5.74,1.855,4.31,1.15,0.5,0.98,0.56,14.4,13.21,41.12,1.515,2.968,0.071,19.97,0.181,1408,1.078798665,2.582387987,58.22476442,25.08377301,4.036640322,29.10435109,32.62147692,52.74270128,56.89875573,33.14099142,29.10435109,1.703176389,2.733323398,4.354722191,18.2031166,21.31004836,24.84793122,20.89091886,10.09242343,2.867275658,1.06824288,0.720042988,2.42,66.08,25.63,8.29,23.39,24.95,24.59,28.9
Finca2,HAR 004,0.066810961,5.17,1.899,4.413,3.82,1.92,1.41,0.5,14.07,5.455,21.08,1.032,5.514,0.133,34.65,0.343,1396,1.175609574,2.629041515,55.28371966,14.43589796,4.274467111,36.57335459,37.45259871,47.78608075,56.17777404,40.8478217,36.57335459,18.7562024,29.96508829,5.02510446,14.71770744,18.05389222,22.93733961,20.32292558,14.72626176,6.007271172,2.245508982,0.989093242,2.36,67.58,26.55,5.87,25.21,27.48,28.01,28.09
Finca2,HAR 005,0.29680277,5.75,1.95,4.53,1.75,1.43,0.65,0.27,14.4,19.06,42.12,1.22,1.817,0.149,22.08,0.213,1271,1.114395033,2.518972746,55.75994086,22.33148776,3.549663617,29.87878948,32.3081614,50.05793272,55.78431157,33.42845309,29.87878948,0,0,3.955727503,16.23483446,20.7721571,23.89368702,20.30228254,11.91548427,3.862841867,1.60394818,1.414764549,2.22,51.04,38.59,10.37,18.3,27.56,24.49,28.11
Finca2,HAR 006,0.237077811,5.94,2.551,5.925,2.48,1.95,1.6,0.72,17.3,7.181,52.19,1.454,6.46,0.547,29.44,0.27,1795,1.037029581,2.490779902,58.36526622,13.97363085,4.698739729,39.69289564,43.2108543,60.11129405,62.33719009,44.39163537,39.69289564,0,0,4.872732093,23.1631265,23.83697813,24.0242754,16.43402741,8.401171916,2.670294025,0.916605629,0.553520979,2.79,60.21,30.46,9.33,23.84,40.99,38.3,42.84
Finca2,HAR 007,0.303857221,5.61,2.039,4.737,2.2,0.31,0.48,0.42,15.8,18.63,36.91,0.447,6.773,0.447,26.07,0.165,1310,1.217434795,2.478116436,50.87257492,14.9094337,4.170353542,31.79278769,31.50005278,41.51272036,50.53903021,35.96314123,31.79278769,0,0,5.07713351,24.03463293,22.08834509,22.95105765,17.36001659,8.689340523,2.586063874,1.202820406,1.087722937,4.65,48.61,40.48,10.91,18.43,29.91,26.43,32.64
Finca2,HAR 008,0.320242266,6.22,1.836,4.265,3.53,1.35,0.78,0.09,13.5,18.59,13.2,0.749,3.555,0.334,21.81,0.147,1166,1.246083724,2.514865097,50.4512697,11.54644144,7.529021734,31.37580653,37.04368642,42.66051124,53.15856873,38.90482826,31.37580653,0,0,9.381791443,10.32944562,15.10224174,22.57952136,23.61784308,17.77264465,6.202665859,2.43108149,1.964556195,1.21,44.38,39.25,16.37,17.32,28.72,25.78,29.32
Finca2,HAR 009,0.279698138,5.34,1.735,4.032,5.38,4.02,2.02,0.09,12.62,14.41,40.84,2.949,1.125,0.467,39.63,0.198,1086,1.315446505,2.596259195,49.33300546,9.796905612,4.192708852,35.343391,32.68341417,37.47079392,49.29082489,39.53609985,35.343391,0,0,5.515284205,30.16403543,23.0974201,21.96380439,14.22718521,6.117828263,2.285714286,1.130535233,1.013477089,3.57,54.74,34.5,10.76,24.2,20.93,23.21,25.61
Finca2,HAR 010,0.214226965,5.46,2.292,5.326,6.38,3.13,2.46,0.13,14.58,10.89,24.15,1.985,1.579,0.626,40.49,0.249,1235,1.400870704,2.595877777,46.03479732,9.863495673,3.916852711,32.25444893,27.27806553,32.38225729,45.36335556,36.17130164,32.25444893,1.79815162,2.853817933,5.487004214,25.85684369,20.86861513,22.30329991,16.85071734,9.121889674,2.79522899,1.325425007,0.877980255,2.03,51.43,37.5,11.07,19.13,28.4,29.14,32.37
Finca2,HAR 011,0.252811363,5.11,1.723,4.004,6.42,0.74,0.56,0.37,11.81,5.097,15.22,1.916,1.083,0.884,38.31,0.179,1244,1.313103266,2.639886405,50.25909965,7.1618878,5.329691423,37.76752042,36.03758318,39.52509123,51.9005264,43.09721185,37.76752042,0,0,6.998435216,24.11584028,22.99254059,24.96489688,17.02281703,7.504022232,1.989176539,0.911218371,0.49948808,1.61,58.25,27.98,13.77,20.77,24.73,25.77,25.52
Finca2,HAR 012,0.081653812,5.99,2.173,5.049,1.09,0.57,0.35,0.41,14.4,8.635,29.79,0.475,2.528,0.478,28.08,0.125,1755,1.217960827,2.529701199,51.85356959,9.211812663,4.98232833,37.6594286,37.15616108,43.54574459,53.0370111,42.64175693,37.6594286,19.9504646,31.70908814,6.068280735,34.07165179,24.82844164,22.18821483,11.71268404,4.276877477,0.956860724,1.201713973,0.763555527,5.85,60.91,30.19,8.9,22.14,29.68,29.63,30.52
Finca2,HAR 013,0.205244956,6.21,1.731,4.022,9.72,1.57,1.53,0.35,14.5,6.784,35.58,0.809,3.273,0.562,31.22,0.251,1807,1.295073556,2.582835974,49.85846687,14.24741485,3.658713616,31.95233841,28.47365383,39.2215717,50.79482032,35.61105203,31.95233841,3.009840619,4.756363221,4.738303252,19.42612369,19.38622227,23.9455463,20.23001995,11.22403474,3.345851426,1.378946133,1.063255486,1.88,50.5,38.33,11.17,20.04,29.84,30.86,30.92
Finca2,HAR 014,0.153047116,5.94,1.927,4.477,2.6,1.62,0.78,0.54,16.35,6.609,29.67,1.383,1.02,0.396,41.08,0.18,1949,1.118706219,2.571820221,56.50138333,22.75344929,4.363792713,29.38414133,32.51570899,49.02717844,54.84700943,33.74793404,29.38414133,7.045980795,11.25672629,4.881802048,24.37246964,24.317139,25.0634278,15.8488529,6.380566802,1.5317139,1.353576248,1.132253711,2.12,53.56,36.94,9.5,27.48,29.28,28.74,33.87
Finca2,HAR 015,0.195979968,5.27,2.221,5.159,3.31,0.25,3.15,0.5,16.3,8.962,17.95,1.025,1.493,0.706,46.92,0.219,1534,1.139150818,2.556487252,55.44077848,14.29554585,4.722208653,36.42302398,38.92305691,48.53862019,55.29280889,41.14523263,36.42302398,1.145781312,1.826443477,5.379307849,14.31931575,19.40128297,28.9862992,23.28502415,9.697473668,2.619783005,1.004989309,0.685831947,2.47,66.27,28.43,5.3,24.08,36.73,37.67,35
Finca2,HAR 016,0.286439694,6.74,1.812,4.21,2.69,3.36,4.76,1.17,24,11.43,30.31,0.597,2.658,0.416,36.6,0.326,1019,1.029120451,2.553200545,59.6929253,20.69835526,4.826213944,34.1683561,41.03120702,57.85333563,59.53805084,38.99457004,34.1683561,0,0,4.96675547,39.52643256,23.22890368,21.2569811,10.67056843,3.326065335,0.839645016,0.701935583,0.449468289,5.78,56.03,39.3,4.67,28.39,29,31.79,30.79
Finca2,HAR 017,0.258373082,6.5,2.329,5.411,6.62,2.87,1.92,0.87,21.5,2.259,12.51,0.456,2.254,0.279,33.13,0.304,1654,1.181760728,2.551071297,53.67590357,12.10076062,4.7274889,36.84765405,36.49778281,48.29323521,57.07104878,41.57514295,36.84765405,0,0,5.586760721,17.24332881,21.04025328,22.73857983,18.5085934,12.92853912,4.918588874,1.70737223,0.91474446,2.48,56.18,34.85,8.97,25.23,36.49,36.9,36.88
Finca2,HAR 018,0.389313602,6.38,1.526,3.544,3.23,1.49,1.96,0.52,16.3,3.885,8.555,1.779,1.987,0.495,27.39,0.172,1130,1.209323032,2.610892216,53.68161792,7.587645061,1.999820733,44.09415212,43.70333499,44.3504231,53.63398815,46.09397286,44.09415212,0,0,2.418429273,22.27916022,22.55454455,25.03442304,18.14413673,8.160744957,2.336508297,0.924098968,0.566383238,2.25,42.45,51.04,6.52,24.74,26.69,29.82,31.1
Finca3,JES001,0.236650457,5.87,2.627,6.103,1.63,1.18,1.46,0.57,15.69,30.26,157.2,0.457,1.112,0.774,29.04,0.45,1875.6,0.917030903,2.361811558,61.17256265,25.17937801,7.895251588,28.09793305,32.0874965,56.2307405,51.56532673,35.99318464,28.09793305,43.50152694,69.75999391,7.240189692,19.49047582,20.74547307,23.50944579,18.51924434,10.79956103,4.232970134,1.628125735,1.074704084,2.96,49.82,42.83,7.35,21.29,38.49,34.93,35.7
Finca3,JES002,0.327935142,5.7,2.347,5.452,1.48,0.62,1.03,0.14,13.85,41.93,211.2,1.043,0.984,0.652,22.65,0.26,1460.4,0.941055117,2.41398975,61.01660674,25.26277087,13.27469333,22.47914254,21.27737645,56.3880289,53.06424315,35.75383587,22.47914254,2.593560398,4.122181458,12.49221809,16.70954412,18.6203679,26.22700613,22.03412423,11.06304985,2.777259397,1.274993335,1.293655025,2.46,41.34,45.68,12.98,18.73,29.92,27.6,26.23
Finca3,JES003,0.330142161,5.44,2.939,6.828,0.42,2.35,0.92,0.11,23.37,14.6,213.7,0.487,3.392,0.537,19.84,0.35,2188.2,1.008643851,2.43269514,58.53800854,15.05625455,7.823825991,35.65792799,38.47814932,56.39271359,56.88016382,43.48175398,35.65792799,0,0,7.891453979,15.02972973,19.43783784,27.51981982,19.3045045,11.15135135,4.863063063,1.825225225,0.868468468,3.12,60.5,34.02,5.48,22.75,36.74,33.38,38.63
Finca3,JES004,0.370946635,5.38,2.9,6.737,1.92,6.47,1.19,0.17,22.32,48.77,123.1,0.351,1.687,0.855,27.88,0.53,1986.5,1.050084755,2.529562982,58.48750306,20.65543398,11.82052127,26.01154781,20.93873819,48.95661892,51.4085992,37.83206908,26.01154781,0.478111753,0.761018115,12.41254919,13.85315677,20.21045164,26.64577914,21.43769213,10.91629227,3.777488768,1.66233152,1.496807756,2.91,46.27,47.83,5.9,18.48,36.71,30.78,35.16
Finca3,JES005,0.21629585,5.31,1.901,4.417,0.31,1.09,1.51,0.25,18.24,24.33,180.3,0.524,0.696,0.433,19.95,0.46,1505.5,0.854658541,2.403629857,64.44300531,33.02731738,9.373874807,22.04181313,18.65309197,66.47793678,56.81593643,31.41568793,22.04181313,84.17347527,133.5903883,8.011462162,11.75466385,14.78968673,21.3498768,20.83773319,15.27455121,8.04470257,5.040478705,2.908306934,3.25,61.64,31.31,7.05,22.81,25.28,23.53,24.03
Finca3,JES006,0.479546511,5.52,2.053,4.769,8.87,0.24,1.26,0.18,13.78,56.93,108.1,0.785,1.103,0.9,21.67,0.28,1401.9,1.111987181,2.419226886,54.03543225,14.30033798,6.344420745,33.39067353,35.65058268,46.65703554,51.88202542,39.73509428,33.39067353,0,0,7.054914539,27.11852458,23.14232537,23.96012521,16.68170666,5.218408956,1.212599757,0.903809819,1.762499648,3.72,43.79,47.93,8.29,17.21,21.24,21.7,21.32
Finca3,JES007,0.322263182,5.7,2.256,5.24,0.86,0.72,0.87,0.17,13.85,49.6,173.4,0.406,1.558,0.481,24.06,0.3,1688.8,0.94548372,2.46728228,61.67914277,29.30406228,10.42326853,21.95181195,30.96192385,56.37719884,53.30372369,32.37508049,21.95181195,55.73875444,88.7854468,9.855030706,23.5678661,25.74741469,28.75116233,14.19313027,4.350643861,1.12147426,0.79743019,1.4708783,2.26,37.45,52.67,9.88,20.38,32.56,25.81,27.08
Finca3,JES008,0.327518345,5.43,1.839,4.273,0.71,1.88,0.99,0.39,17,19.06,55.32,0.391,0.663,0.987,16.61,0.34,1384.3,0.988512524,2.572119347,61.56817043,27.06821147,8.282925216,26.21703375,20.26678893,54.34023229,53.71600017,34.49995897,26.21703375,2.566641285,4.122181458,8.18777531,13.89357276,14.93156685,21.61173765,20.18066353,14.34358918,7.945910435,4.589948538,2.503011059,3.1,58.58,36.51,4.9,22.14,27.21,22.87,22.49
Finca3,JES009,0.378687956,5.8,2.109,4.9,0.34,0.55,1.18,0.27,13.86,45.99,57.72,0.563,1.209,0.507,24.34,0.25,1631.1,0.982986893,2.494800832,60.59858245,17.758086,8.785623891,34.05487257,34.22451835,59.85577441,58.83744169,42.84049646,34.05487257,1.477076993,2.35281434,8.636153129,12.04071831,14.1833658,21.62659765,23.01278117,16.90236678,7.357846146,3.257998239,1.618325907,0.89,53.82,42.28,3.9,22.61,22.68,17.99,18.05
Finca3,JES010,0.50635801,5.72,2.132,4.954,1.75,1.33,0.93,0.11,12.39,138.9,46.36,0.179,0.673,0.726,22.15,0.24,1344.5,1.227297413,2.453009303,49.96768209,7.405751106,7.803751985,34.758179,27.12321911,42.90234354,52.65393524,42.56193098,34.758179,0,0,9.577524623,19.7008992,20.62470421,21.64789399,18.71935637,10.0482726,4.445811642,2.720302887,2.09275911,2.31,41.02,51.99,6.99,14.24,31.52,27.4,29.56
Finca3,JES011,0.457287868,5.24,1.587,3.687,1.52,0.63,1.88,0.05,16.89,154.7,26.63,0.354,0.591,0.462,19.19,0.73,989.8,1.194112922,2.48983871,52.04055118,14.39324459,12.47726866,25.17003794,19.8862497,42.16234938,50.3466062,37.6473066,25.17003794,4.774088798,7.610181154,14.89926773,16.01315149,19.63955188,23.70920604,21.44544569,12.01656113,3.854115928,1.589137847,1.732830005,2.95,42.54,50.63,6.83,14.07,27.2,26.2,26.39
Finca3,JES012,0.398283833,5.83,1.163,2.701,0,0.95,0.95,0.09,10.79,38.03,44.64,0.542,0.509,0.324,10.17,0.15,987.4,1.22487995,2.660393046,53.95868473,15.38908112,8.014357205,30.5552464,26.52300524,40.64398036,49.78399663,38.56960361,30.5552464,0.200940375,0.317090881,9.816625451,12.78507256,16.13798664,24.66136835,21.6436305,13.67657222,6.219765031,3.178991016,1.696613683,2.89,62.45,31.71,5.84,24.67,29.35,27.2,32.31
Finca3,JES013,0.328126921,5.71,1.81,4.206,0.91,0.69,0.33,0.1,10.8,38.76,50.78,0.467,1.374,0.551,18.72,0.26,1277.7,1.193540632,2.486964407,52.00813377,14.05072368,10.02147575,27.93593433,25.56604112,43.18418314,51.54207722,37.95741009,27.93593433,121.5300496,193.8693649,11.9610385,8.451599237,13.31391654,21.214785,20.73713196,17.86168185,10.78796865,4.760643931,2.872272824,2.93,40.1,47.79,12.11,13.74,33.49,32.5,28.91
Finca3,JES014,0.308673865,5.51,1.596,3.708,0.59,1.01,0.55,0.14,11.81,62.85,49.15,1.269,0.879,0.366,14.59,0.29,981.5,1.141948174,2.452730205,53.44175353,15.13888646,9.090682674,29.2121844,25.10433089,44.78531021,51.14250322,38.30286707,29.2121844,46.51628928,74.04072081,10.38108848,11.24748895,13.60887907,21.54278827,23.87806348,16.1982724,7.811370028,3.74949779,1.963640016,0.6,45.75,42.55,11.7,14.68,34.26,32.23,35.66
Finca3,JES015,0.283816919,5.9,1.971,4.579,0.37,0.94,0.46,1.27,14.12,9.466,26.17,0.463,1.568,0.355,17.03,0.66,1451.9,1.0266757,2.460645604,58.2761655,16.06024611,13.21543671,29.00048268,31.8895439,56.0554349,57.55075283,42.21591939,29.00048268,5.310268812,8.561453798,13.56796773,13.70728874,15.32862259,19.78317685,18.65066305,15.87455232,10.14519408,4.647178395,1.863323976,3.04,60.21,32.03,7.76,21.43,28.68,28.41,29.93
Finca3,JES016,0.325992317,5.72,2.016,4.683,1.25,1.75,0.87,0.25,11.66,44.05,26.44,0.963,8.264,0.374,24.39,0.23,1334,1.135989441,2.517552335,54.87722637,18.74124407,13.75745348,22.37852882,19.61497038,49.06723594,55.73986194,36.1359823,22.37852882,27.84885132,44.3927234,15.62832189,13.56343284,14.4843962,19.79308005,21.61804613,16.01933514,8.22082768,3.950983718,2.349898236,1.36,41,49.28,9.72,14.28,29.26,30.62,33.92
Finca3,JES017,0.432694491,5.38,1.532,3.559,1.76,1.43,0.73,0,15.17,141.9,17.32,0.465,0.225,0.384,22.6,0.26,912.9,1.119317135,2.523747934,55.64861611,22.25793894,8.0649535,25.32572366,23.01744915,43.83302805,49.06305937,33.39067716,25.32572366,2.361946237,3.805090577,9.027240644,10.8639688,17.0901999,27.77279376,20.59580692,13.06192101,5.911262799,2.625060946,2.078985861,2.83,43.33,47.94,8.73,12.93,26.37,24.99,28.69
Finca3,JES018,0.393111045,5.43,1.444,3.354,1.55,1.37,0.85,0.11,18.49,58.56,31.76,0.262,0.78,0.399,23.1,0.5,770.9,1.331031764,2.559939417,48.00534124,10.50950723,13.49320879,24.00262522,11.43889318,35.92579154,47.8183697,37.495834,24.00262522,0.198626044,0.317090881,17.9598895,9.915226606,17.22611673,24.55493968,20.88522987,13.13253994,6.831594392,3.930551027,3.523801761,2.74,37.02,49.8,13.18,11.54,27.48,26.07,29.02
Finca4,TOM001,0.432544356,5.81,2.625,6.099,1.11,1.69,1.58,0.08,20.44,10.99,72.19,0.77,2.898,0.168,30.27,0.18,1810.6,1.104592819,2.449107538,54.89814956,20.47636806,8.247918465,26.17386303,25.07998279,50.44621976,55.72253209,34.4217815,26.17386303,13.56631593,21.56217994,9.110591508,18.09771275,21.01055907,24.96276191,19.54586078,11.06219589,2.854920393,1.69309192,0.772897289,2.64,10.05,77.73,12.22,18.68,35.17,31.91,34.62
Finca4,TOM002,0.6919,5.16,0.783,1.819,0.1,0.5,0.7,0.1,15.86,6.108,24.84,1.121,0.297,0.55,22.81,0.12,617.9,1.207088579,2.593534845,53.45778441,9.762503238,8.89487893,34.80040224,26.7898212,46.36657022,55.96855736,43.69528117,34.80040224,2.716569641,4.333575379,10.73690677,24.58008117,20.10302841,22.22603809,18.59506712,9.656571964,1.863877615,2.422728692,0.552606931,3.24,5.7,90.38,3.92,23.78,17.24,15,15.13
Finca4,TOM003,0.69663949,5.27,1.764,4.099,0.43,1.55,1.1,0.17,17.49,22.88,52.09,1.801,0.688,0.447,27.46,0.13,1208.4,1.320777245,2.582506956,48.85677879,6.784793265,7.098989747,34.97299578,20.63099691,42.86713287,56.61793366,42.07198553,34.97299578,0,0,9.376184121,33.10720268,24.22948074,23.37520938,11.42378559,4.472361809,1.289782245,1.48241206,0.619765494,4.28,13.15,74.71,12.14,14.86,20.56,20.85,26.33
Finca4,TOM004,0.127883198,5.17,1.982,4.605,0.22,1.05,3.08,0.2,15.36,11.85,24.72,2.975,0.565,0.387,25.05,0.13,1205.8,1.031183907,2.452210749,57.94880569,17.96386121,7.991846688,31.99309779,31.640625,56.92112699,58.69615014,39.98494447,31.99309779,19.98015211,31.92048206,8.241063693,25.4885465,20.60187967,24.03672812,17.70785761,8.39362546,1.985433743,1.490277143,0.295651756,4.09,55.77,40.34,3.89,28.12,19.73,20.97,23.18
Finca4,TOM005,0.508697085,5.06,1.606,3.731,0.63,0.37,1.22,0.47,15,11.71,32.36,0.951,1.022,0.438,46.68,0.18,1481.5,1.118089839,2.590124926,56.83259027,15.08922962,7.859427882,33.88393276,30.12134336,51.67919595,57.78198389,41.74336064,33.88393276,2.706450706,4.333575379,8.787546458,27.43090829,22.4792269,24.6464015,15.4306999,6.775025397,1.82594879,1.101820739,0.309968482,3.78,24.09,72.57,3.35,25.85,17.31,16.99,17.7
Finca4,TOM006,0.115591144,5.25,1.558,3.62,0.17,0.99,1.76,0.26,14.3,14.05,43.51,3.243,1.133,0.2,47.64,0.15,1322.8,0.981756705,2.547436269,61.46099053,21.94384303,6.566989526,32.95015797,28.71123219,62.14375524,61.01004837,39.5171475,32.95015797,7.636507888,12.10230197,6.447185998,34.66867337,22.75242353,21.51741844,13.43012704,5.223319021,1.385507503,0.725952813,0.296578283,4.68,66.97,30.69,2.34,32.78,29.07,28.17,28.7
Finca4,TOM007,0.192105983,5.56,2.312,5.37,1.19,1.93,2.68,0.32,19.12,8.695,52.23,1.905,3.084,0.064,35.81,0.14,2202.4,1.152094801,2.589383916,55.5069917,12.24621627,6.400046836,36.86072859,27.07286903,48.37319139,55.73050231,43.26077543,36.86072859,1.983302517,3.170908814,7.373460686,28.40352891,23.12224304,24.69635628,15.2184422,5.803976071,1.468366669,0.945676476,0.341410357,3.57,60.38,36.1,3.52,23.82,19.45,18.97,20.38
Finca4,TOM008,0.118056079,4.8,2.171,5.044,0.48,1.56,1.32,0.53,16.46,4.739,56.8,0.41,1.68,0.086,56.24,0.18,1266.2,1.138028166,2.566387087,55.65641007,8.071704042,5.836258286,41.74844774,34.83452304,50.83526467,57.85196301,47.58470602,41.74844774,9.541122641,15.22036231,6.641826312,26.67258545,22.08764031,25.30915087,16.11389435,6.443021117,1.883442197,0.887817871,0.602447841,3.29,63.37,33.3,3.33,23.88,26.88,27.94,27.88
Finca4,TOM009,0.124198203,5.07,2.683,6.233,0.66,0.34,0.41,1.06,17.01,6.736,40.07,1.7,1.917,0.176,19.29,0.2,1575,1.093312871,2.550289583,57.12985387,10.45799785,6.787198226,39.88465779,29.07047091,57.19053102,62.52714367,46.67185602,39.88465779,8.292225691,13.31781702,7.42053118,21.14746795,23.26122469,26.81055393,17.77634771,7.640710856,2.262264244,0.772238998,0.329191624,1.91,58.61,37.78,3.61,24.74,25.4,26.43,27.34
Finca4,TOM010,0.072142901,4.93,2.924,6.794,4.52,1.1,0.52,0.16,17.24,12.25,6.364,2.361,5.097,0.145,15.17,0.2,1479.3,1.175471621,2.529769665,53.53444083,10.44211054,8.300169196,34.79216109,21.93002006,49.48369363,58.16667756,43.09233029,34.79216109,40.50669017,64.47514589,9.756613338,26.16419387,21.35311573,24.96933729,15.94856578,7.529179031,2.472799209,0.977250247,0.585558853,2.88,62.17,34.6,3.23,15.43,29.44,30.34,30.64
Finca4,TOM011,0.134804533,5.11,2.144,4.982,2.92,0.37,0.39,0.09,15.93,7.575,3.292,1.126,6.367,0.11,18.19,0.11,1376.8,1.059363582,2.545619145,58.384836,15.14555196,7.883740428,35.35554361,31.53609668,57.08682286,60.47570115,43.23928404,35.35554361,3.501455582,5.549090425,8.3517475,26.60390356,23.88518944,24.12858783,14.97588978,6.227324914,1.919632606,0.840413318,1.419058553,3.76,67.11,29.42,3.47,22.59,29.06,27.42,28.34
Finca4,TOM012,0.076855198,4.62,2.126,4.94,1.66,0.37,0.13,0.06,14.19,8.702,3.883,0.635,1.612,0.087,36.91,0.14,1572.6,0.926987985,2.532332651,63.3939094,28.29396924,5.76609745,29.33384271,28.68894126,61.33370304,56.85560576,35.09994016,29.33384271,6.717865106,10.78108997,5.345103054,18.00784775,20.8825566,27.34330738,19.74736135,9.345951277,2.990116877,1.059655455,0.623203307,2.44,76.06,21.63,2.32,23.09,32.69,30.83,29.81
Finca4,TOM013,0.115302607,5,2.846,6.613,11.99,1.43,0.76,0.67,19.35,8.849,33.31,0.844,1.355,1.097,34.36,0.24,1805.6,1.083880426,2.51991404,56.98740479,20.9790771,7.09443633,28.91389136,17.30705564,51.72642116,56.06525539,36.00832769,28.91389136,9.061112157,14.58618055,7.689520671,22.72168029,22.17681694,25.1999297,15.14632217,8.063098691,3.567976096,1.766411811,1.357764303,2.94,58.36,33.5,8.14,22.22,36.51,37.72,39.14
Finca4,TOM014,0.044732609,4.24,2.259,5.249,3.07,0.45,0.32,0.22,15.4,6.909,4.046,0.814,0.349,0.679,36.42,0.24,1439.7,1.086591444,2.550711874,57.40046318,21.79610004,6.507124976,29.09723817,23.47719312,51.56407263,56.02908013,35.60436315,29.09723817,22.73943454,36.46545136,7.070586324,16.66058825,15.27041812,26.19011864,20.96625405,12.55658293,5.101581104,2.201102697,1.053354214,2.94,74.48,19.56,5.96,21.06,33.1,29.9,35.18
Finca4,TOM015,0.034148715,4.78,1.422,3.303,0.96,0.19,0.19,0.35,12.55,4.855,2.028,1.079,0.998,0.624,81.18,0.12,1057.7,1.182086923,2.621393866,54.90616886,11.94121207,8.658632866,34.30632393,23.51812951,48.50488629,57.3369918,42.9649568,34.30632393,15.56136239,24.73308875,10.23525668,16.28370249,17.37441076,23.13563835,21.6405988,13.85968719,5.183329717,1.854006824,0.668625865,2.41,82.3,14.33,3.36,21.89,26.62,25.84,27.61
Finca4,TOM016,0.039255194,3.99,2.966,6.89,3.45,0.25,0.02,0.35,17.32,27.26,2.989,0.931,0.353,0.832,15.63,0.36,1986.6,1.078223452,2.554470778,57.79073063,24.86629805,3.717138464,29.20729411,19.01881326,51.32436718,55.33913635,32.92443257,29.20729411,60.19681237,95.12726443,4.007905866,12.74388432,17.33683272,26.70595226,20.13469347,13.15489749,5.781420224,3.27324948,0.869070021,3.07,73.48,18.54,7.97,19.82,38.27,35.62,43.14
Finca4,TOM017,0.489991465,4.26,2.34,5.437,0.92,0.29,0.23,0.29,18.01,28.03,3.988,0.865,0.306,0.612,25.01,0.2,1214.7,1.038957512,2.586500806,59.83154115,27.57518608,7.133299051,25.12305602,23.38962913,51.83314945,53.85243999,32.25635507,25.12305602,37.04198024,58.66181306,7.411194634,21.46917526,19.25660803,23.99372213,18.38574464,10.64558731,4.130380692,1.577124045,0.541657894,2.54,12.78,86.32,0.89,17.94,34,31.22,36.34
Finca4,TOM018,0.408633337,5.64,2.878,6.687,9.38,0.83,1.21,1.33,15.66,2.761,26.65,1.506,11.35,0.981,21.78,0.59,1490.5,0.949583029,2.685524396,64.64068504,27.44654495,6.542594338,30.65154575,31.4078077,64.28305227,61.04209552,37.19414009,30.65154575,5.187120797,8.244362917,6.212736552,18.19927655,18.32160474,24.28280171,19.91055574,11.1081881,4.378822756,2.140085498,1.658664913,1.56,17.01,77,5.99,24.62,35.59,34.78,32.52
Finca5,YIM001,0.21819176,5.83,1.754,4.075,0.73,1.34,2.2,0.27,24.61,5.696,60.53,2.432,1.931,0.867,38.34,0.23,1698.3,1.156280758,2.576080906,55.11473434,18.73986184,4.196685308,32.17818719,25.09620055,49.42653267,57.15094866,36.3748725,32.17818719,1.99504646,3.170908814,4.852546469,22.30184103,22.77146952,23.12865175,17.98919634,9.134604784,2.919193033,1.126667402,0.628376144,2.35,50.04,40.16,9.8,24.9,20.13,19.6,22.18
Finca5,YIM002,0.240203096,6.54,2.489,5.781,2.94,1.96,1.11,0.33,28.07,4.434,62.37,0.678,2.613,1.098,62.66,0.52,1882.7,1.102737645,2.576201902,57.19521654,24.46551279,2.998745715,29.73095804,23.39069592,50.24205749,55.40380818,32.72970375,29.73095804,0.998249071,1.585454407,3.306829789,13.66908682,15.7316699,21.08702321,20.9223847,16.15093568,7.990592085,3.136312506,1.311995092,3.01,45.52,42.52,11.96,26.48,25.92,25.99,27.4
Finca5,YIM003,0.218946472,5.04,1.576,3.661,1.58,0.74,0.44,0.08,8.93,14.43,20.92,1.889,0.705,1.354,43.57,0.79,1506,1.099376398,2.543873461,56.78336936,32.56722183,3.370560384,20.84558716,15.92225931,46.49859944,51.11946274,24.21614754,20.84558716,16.95789491,26.95272492,3.705514533,21.11477152,24.0042508,25.90754516,16.2805526,7.527098831,2.379383634,1.273113709,1.513283741,1.63,42.1,43.95,13.95,16.04,21.97,19.86,24.68
Finca5,YIM004,0.285703756,5.39,1.689,3.923,1.04,0.54,0.85,0.25,10.43,8.929,14.92,2.274,0.843,0.668,26.96,0.1,1397.7,1.381747661,2.560217683,46.03007118,16.38055881,3.710053686,25.93945869,10.68050956,34.1940392,47.24753369,29.64951237,25.93945869,0.399878156,0.634181763,5.126358003,31.66666667,25.84557187,22.53894081,10.76323988,6.008010681,1.575433912,1.323987539,0.278148643,4.23,50.85,38.91,10.23,13.35,21.94,19.03,22.38
Finca5,YIM005,0.413809471,5.54,2.166,5.033,1.49,0.47,0.13,0.21,10.17,86.22,40.69,1.655,0.781,0.804,48.8,0.19,1159,1.340600341,2.513222632,46.6581144,15.17112812,4.485683198,27.00130308,13.80771061,35.24036173,47.24324097,31.48698628,27.00130308,0,0,6.013508427,27.23802552,27.62323084,23.96988078,12.27950917,4.69044133,1.431011643,1.05800739,1.709893328,3.98,33.03,50.65,16.32,10.39,28.09,23.42,27.81
Finca5,YIM006,0.455909104,5.84,1.149,2.668,4.85,0.7,0.07,0.28,8.75,13.44,23.48,0.895,0.519,0.791,26.15,0.22,624.5,1.726709801,2.628379472,34.30515572,8.92951473,2.009411809,23.36622918,9.11785428,18.23327907,31.48358169,25.37564099,23.36622918,0,0,3.469671066,17.32189088,18.79566593,21.12858376,16.59507144,10.21574456,5.998657589,4.786652603,5.157733244,1.37,34.66,44.88,20.46,7.94,13.93,15.02,18.43
Finca5,YIM007,0.455563606,5.54,1.339,3.111,0.99,0.11,0.12,0.11,7.73,22.13,32.12,1.178,0.552,0.646,38.08,0.15,679,1.521185642,2.618811169,41.91312226,16.3854614,2.953758528,22.57390234,10.98787128,26.57803002,40.43011765,25.52766087,22.57390234,0.198626044,0.317090881,4.493215061,24.59056706,27.84471877,23.13808423,12.41167888,4.711552648,2.008229643,1.995114674,3.300054099,3.21,29.12,48.22,22.66,8.34,15.47,14.94,21.24
Finca5,YIM008,0.483394632,4.85,1.493,3.469,2.5,0.66,0.14,0.06,12.34,17.72,17.5,0.926,0.725,0.664,36.68,0.38,1421.7,1.472774176,2.533896454,41.87709706,13.30672438,2.198354918,26.37201776,4.763370312,28.99430634,42.70206564,28.57037268,26.37201776,0.295696044,0.469294504,3.237680354,18.0968901,20.25027878,22.98723826,17.64093669,10.87845372,4.338991451,2.321893198,3.485317804,1.63,27.51,54.12,18.38,9.42,22.74,19.44,26.78
Finca5,YIM009,0.146697158,6.28,1.749,4.064,1.04,2.67,0.42,0.59,13.42,14.51,31.51,0.409,1.572,1.258,30.86,0.17,1627.6,1.058889892,2.519115015,57.96579809,25.317077,3.111795237,29.53692585,3.290748724,53.77130878,56.93789535,32.64872109,29.53692585,99.28908224,158.8625316,3.295048523,17.79403425,24.4822502,26.09958036,17.55245548,8.77963026,3.263014631,1.330384485,0.698650335,3.07,49.15,36.19,14.65,18.65,23.2,26.73,26.27
Finca5,YIM010,0.292862034,4.44,1.665,3.868,1.98,1.83,0.72,0.04,15.44,35.06,35.92,1.071,0.993,0.561,34.14,1.22,1615.8,1.103705783,2.455443271,55.05065028,33.14927543,4.081001525,17.82037333,6.2193094,46.52841632,51.35368215,21.90137485,17.82037333,18.27359605,29.17236109,4.504224983,9.608166189,15.70702006,22.247851,18.62893983,14.04154728,8.335959885,5.954154728,5.476361032,2.74,30.93,50.15,18.91,11.37,36.52,22.66,28.09
Finca5,YIM011,0.401300095,5.79,1.972,4.581,1.75,1.18,0.03,0.33,11.19,165.5,62.59,1.107,1.015,0.727,35.95,0.05,1431.2,1.583415747,2.55102919,37.9303164,5.238073059,2.840535189,29.85170816,8.43186102,28.54600815,45.20019881,32.69224335,29.85170816,0,0,4.497748147,18.27270859,23.4432799,21.67385943,17.24619811,10.33394986,3.960131525,2.244143033,2.825729552,3,36.44,47.6,15.96,12.34,30.74,21.26,26.23
Finca5,YIM012,0.39312685,5.72,1.75,4.066,1.73,0.91,0.62,0.13,10.98,48.94,65.51,1.032,1.116,0.541,36.57,0.02,1409,1.458063535,2.535070293,42.48429564,11.97104696,2.94624886,27.56699982,13.399935,29.60477045,43.16563626,30.51324868,27.56699982,0.199939078,0.317090881,4.295818028,18.6062358,22.17117489,24.74396036,17.81024159,8.586619864,2.953747677,1.964691307,3.163328515,1.51,35.61,48.32,16.07,12.07,26.87,26.16,31.9
Finca5,YIM013,0.380809491,5.57,1.739,4.04,1.76,0.4,0.2,0.15,8.95,63.52,64.16,0.917,1.074,0.612,35.84,0.04,1382.1,1.541981125,2.55958589,39.75661721,8.842857827,3.474343327,27.43941605,10.9031166,29.04083868,44.78042511,30.91375938,27.43941605,0.199359119,0.317090881,5.357371834,12.12074153,15.27807435,18.55964282,19.91555858,16.70484325,9.013879453,4.562748714,3.844511307,1.09,35.58,46.26,18.16,10.94,28.96,27.47,31.48
Finca5,YIM014,0.460162148,5.11,1.418,3.295,2.17,0.74,0.2,0.21,12.19,46.66,90.03,1.427,0.912,0.873,43.94,0.18,1348,1.391131644,2.548267039,45.40871806,16.47916414,2.966918226,25.9626357,18.90009969,29.31456363,40.78041709,28.92955392,25.9626357,0,0,4.127373829,25.99209298,22.68065753,22.21099254,15.05454654,6.716506644,2.676793199,1.869742279,2.798668292,3.38,34.57,49.09,16.34,10.57,27.15,26.98,29.92
Finca5,YIM015,0.308631264,5.14,1.83,4.252,2.99,0.86,0.51,0.04,14.28,27.2,57.53,1.164,1.052,0.956,38.52,0.13,1433.7,1.369715672,2.571281238,46.73022727,17.41697419,3.884021908,25.42923118,19.62850785,31.69582149,43.41426341,29.31325308,25.42923118,5.318478875,8.561453798,5.320005676,14.32704122,18.77471239,24.37283592,19.66156596,12.57455601,5.184854239,2.60918128,2.495252988,2.9,36.96,48.32,14.71,13.4,28.37,26.8,31.26
Finca5,YIM016,0.173270156,5.36,2.247,5.219,1.67,0.59,0.59,0.21,15.85,13.43,28.18,0.465,1.01,1.076,39.59,0.11,1625.8,1.164096213,2.539131093,54.15375693,27.66999221,2.77255511,23.7112096,16.47238712,43.70930023,50.88183087,26.48376471,23.7112096,34.03857644,53.90544984,3.227520904,18.16148597,22.01004549,22.82505686,16.99488249,10.95432146,5.124147081,2.340788476,1.589272176,3.14,39.21,38.46,22.32,15.57,35.84,29.69,37.86
Finca5,YIM017,0.213223436,4.97,2.623,6.093,5.57,1.73,0.97,0.26,16.59,17.63,33.59,0.894,2.431,1.536,44.57,0.54,1969.5,1.169429019,2.508172819,53.37526147,26.06307882,2.701461801,24.61072084,12.12468193,48.52235551,56.74345059,27.31218264,24.61072084,0.533882376,0.85614538,3.159167823,12.517892,18.76545218,25.23584906,21.39964216,13.44095641,5.132563435,1.989264802,1.518379961,2.45,50.67,36.89,12.44,19.02,34.85,31.92,38.84
Finca5,YIM018,0.143382349,4.91,2.058,4.782,2.57,1.04,1.1,0.07,13.71,5.269,47.57,1.217,0.938,1.285,38.41,0.35,1557.5,1.120988254,2.504815283,55.24666981,30.12633831,3.075958959,22.04437254,15.98409617,43.10647353,48.3218505,25.1203315,22.04437254,30.27621882,48.51490486,3.448113863,13.27009541,17.04134225,23.61443141,21.40695252,15.22864349,5.921701941,2.275468801,1.241364185,2.83,50.68,39.65,9.68,17.96,31.17,28.53,31.31
Finca6,ALF001,0.072647695,5.24,2.964,6.885,6.12,4.19,1.21,0.62,22.49,11.05,94.14,1.039,4.572,1.584,39.3,0.891,1790.3,0.994676541,2.535313417,60.76711723,15.21822462,2.810595325,42.73829729,43.7584758,60.08759254,59.76771869,45.54889262,42.73829729,45.68399013,72.93090273,2.795633236,14.14784221,17.64919083,22.05748483,17.91722859,13.07569117,7.089514498,4.869352664,3.193695212,3.1,60.99,33.64,5.37,27.4,32.41,31.62,32.65
Finca6,ALF002,0.079444311,4.46,2.858,6.639,2.76,1.55,1.16,0.63,18.25,25.19,92.84,1.584,1.486,1.345,52.18,0.964,1727.5,0.954609381,2.594257392,63.20298116,26.63830736,4.872977631,31.69169616,34.64280848,60.28429992,57.54795825,36.56467379,31.69169616,21.83261655,34.87999696,4.651790162,13.09228278,15.51358158,19.92174852,18.13185825,14.66540745,8.981831265,5.707861126,3.985429034,2.9,59.93,35.11,4.96,25.35,26.32,22.46,19.77
Finca6,ALF003,0.071403399,4.26,2.654,6.167,0.45,1.54,0.39,0.67,17.61,14.86,108.8,1.186,2.502,1.172,38.7,1.17,1895.7,0.838758519,2.572980835,67.40129164,36.29548914,3.887699379,27.21810312,27.92826687,68.37973414,57.35408451,31.1058025,27.21810312,128.7208505,203.4138004,3.260840972,9.944088737,14.25827397,19.61673731,19.96843719,18.45702949,10.3156281,5.207863649,2.231941564,1.19,63.7,31.62,4.68,25.47,26.47,24.16,23.5
Finca6,ALF004,0.117807416,4.82,2.416,5.613,1.85,1.17,2.24,0.45,16.87,18.94,80.82,1.18,2.046,0.49,31.02,0.711,1439.6,1.113014298,2.7697496,59.81534585,21.16689316,4.365202694,34.28324999,20.2298247,55.03473625,61.2544483,38.64845269,34.28324999,6.353469057,10.08349003,4.85853301,13.22496632,19.23215088,25.48361024,19.81769196,13.72608891,5.515940727,2.078132016,0.921418949,2.61,61.31,33.33,5.36,23.29,26.88,25.79,24.91
Finca6,ALF005,0.15367129,4.49,2.109,4.9,0.41,3.15,1.26,0.1,17.5,15.86,122.8,0.876,1.587,0.941,52.97,0.672,1259.1,1.02825498,2.538387716,59.4918076,18.19625394,4.088647361,37.20690629,31.06704636,59.37225177,61.04981355,41.29555365,37.20690629,3.354116879,5.327126808,4.20417201,14.47304752,18.53188813,23.33978515,20.37162489,14.38788348,5.817284429,2.149424175,0.929062228,2.79,62.35,32.98,4.66,27.03,28.23,26.99,26.97
Finca6,ALF006,0.184040079,3.94,2.215,5.145,1.19,0.25,0.5,0.19,14.74,41.96,1.323,1.8,2.926,1.574,0,0.713,1313.1,0.929184905,2.682804063,65.36515963,25.71793542,7.580032331,32.06719189,32.55596141,67.40891636,62.63534753,39.64722422,32.06719189,1.488006965,2.346472522,7.043251619,10.53389193,18.48318831,25.72671608,21.09356537,14.46664518,6.001718767,2.524438715,1.169835643,2.12,62.04,32.75,5.21,23.31,22.27,16.86,15.1
Finca6,ALF007,0.181261959,4.56,2.685,6.238,6.78,1.47,0.6,0.59,16.47,43.16,114.8,1.561,3.901,2.079,61.15,0.86,1670.1,0.981361084,2.542371373,61.39977446,23.63112543,4.284898552,33.48375048,32.19785845,60.71626637,59.58458098,37.76864903,33.48375048,1.803522,2.866501568,4.205032687,14.79693742,19.27208167,24.27762983,19.13892588,12.63981358,5.694629383,2.88060364,1.299378606,2.8,58.98,33.84,7.19,26.28,25.68,22.86,21.64
Finca6,ALF008,0.077906904,4.18,2.409,5.597,0.99,1.87,0.01,0.21,13.25,32.94,97.46,2.569,1.286,1.277,47.52,0.749,1438.4,1.033069383,2.676830299,61.40699007,26.30714224,4.013064034,31.0867838,29.47569272,55.20574083,57.03136062,35.09984784,31.0867838,21.36421239,33.83359705,4.145773586,11.37166324,16.76694045,24.92197125,21.9312115,15.34188912,6.036960986,2.422997947,1.206365503,2.82,63.5,32.21,4.29,25.94,27.64,25.39,26.03
Finca6,ALF009,0.085975833,3.88,2.546,5.914,2.65,1.14,0.55,0.16,16.71,17,30.99,1.439,3.511,1.54,95.91,0.586,1524,0.934073387,2.788796596,66.50622035,28.94656434,4.889264717,32.67039128,37.85833626,65.67666198,61.3468221,37.559656,32.67039128,45.72568534,72.83577546,4.566932054,10.01519244,16.47873059,24.52903444,21.46607022,15.52835922,6.91424713,3.351620527,1.716745442,2.77,60.2,34.29,5.51,23.8,29.07,28.02,29.2
Finca6,ALF010,0.112368066,4.07,2.724,6.329,3.14,0.37,0.34,0.33,16.8,37.42,37,1.2,2.936,1.746,80.59,1.068,1737.8,0.993634924,2.510931104,60.42763092,24.54281768,3.915926576,31.96888666,32.15679656,55.99907171,55.64263335,35.88481323,31.96888666,7.92131914,12.68363526,3.891001404,8.186914081,14.98018749,22.15231468,21.12689669,17.40794433,9.306079057,4.899004542,1.940659128,2.96,60.4,33.28,6.32,26.69,30.49,27.28,29.06
Finca6,ALF011,0.099895282,5.16,2.32,5.389,8.89,2.71,2.78,0.5,20.03,10.69,47.63,0.614,2.107,0.543,33.55,0.696,1334,0.986044521,2.509316247,60.70465323,25.08577988,3.839944769,31.77892858,34.30875219,60.32607492,59.48419562,35.61887335,31.77892858,125.140533,326.286517,3.786356499,17.9298048,19.43506006,22.76088589,18.65521772,12.01295045,5.423235736,2.514076577,1.268768769,2.72,58.42,35.88,5.7,23.4,21.04,21.99,21.94
Finca6,ALF012,0.055804059,5.32,2.929,6.806,0.77,3.55,2.1,0.25,19.79,11.22,66.37,0.936,1.343,0.868,32.4,0.478,1938.9,0.964600379,2.5426228,62.06278103,24.26087429,4.344327374,33.45757937,35.65195991,62.48433864,60.27241674,37.80190675,33.45757937,33.66560635,53.90544984,4.190539831,13.02702202,16.11512123,22.68276883,19.50027762,14.15139737,7.42087729,4.453081621,2.649454007,3.04,67.35,27.63,5.02,31.02,30.15,26.53,27.59
Finca6,ALF013,0.180597686,4.98,1.771,4.115,0.24,1.72,1.17,0.11,13.73,10.87,15.25,1.625,0.331,0.59,41.28,0.256,903,1.072510048,2.569862809,58.26586369,20.14412651,4.034275783,34.0874614,28.87679987,55.0396376,59.03056436,38.12173718,34.0874614,1.215629594,1.927912559,4.326801313,9.316857076,18.89251574,26.46770809,23.21053859,14.6514339,4.66309163,1.695033807,1.10282117,2.15,65.32,30.59,4.09,31.48,31.33,28.68,28.64
Finca6,ALF014,0.211307954,5.45,2.885,6.702,14.14,4.36,2.03,0.53,21.31,13.82,115.5,1.279,2.126,0.596,27.71,1.272,1972.2,1.095792999,2.558748572,57.17465126,14.53804658,4.729110252,37.90749443,33.60836304,54.73024392,59.97301813,42.63660468,37.90749443,0.198032979,0.317090881,5.182125907,11.25719136,17.8242007,24.89767047,20.93841366,14.76091672,6.50853532,2.582288032,1.23078374,2.83,58.65,34.97,6.38,23.31,32.22,31.45,33.84
Finca6,ALF015,0.181242537,4.05,1.402,3.257,0.53,0.76,0.47,0.29,14.42,33.41,4.537,0.857,0.653,0.726,0,0.406,695.8,1.054051153,2.548875896,58.64643097,21.29046039,4.05819961,33.29777097,31.80559828,56.09556034,59.12759006,37.35597058,33.29777097,2.304062111,3.678254224,4.277549978,16.5875136,22.08271495,24.02988028,18.48817651,11.8779064,4.411793806,1.649351934,0.872662511,2.21,59.09,33.64,7.27,24.89,29.18,28.2,29.41
Finca6,ALF016,0.326628266,4.26,1.238,2.876,2.86,0.39,0.47,0.08,14.54,21.89,149.8,2.589,0.359,0.042,27.26,0.843,837.9,1.089334217,2.672523962,59.23949672,18.98227723,5.996568747,34.26065074,35.22800319,51.98200129,56.62577268,40.25721949,34.26065074,2.376395742,3.805090577,6.532267522,8.838251774,15.9345038,23.23371934,21.16174823,17.167227,8.113559955,3.512638526,2.038351388,2.46,41.48,50.08,8.44,26.8,24.18,23.27,22.97
Finca6,ALF017,0.226519252,4.57,2.091,4.858,6.08,1.6,1.01,0.27,16,32.8,24.58,1.183,1.792,1.543,59.15,0.627,1565.2,0.9684458,2.525904047,61.65943831,25.65607106,3.075958959,32.92740828,33.07549371,59.24117367,57.37186581,36.00336724,32.92740828,0.199359119,0.317090881,2.978899533,19.29360657,21.9992445,24.21097365,16.92605534,9.957503069,4.217584286,2.210784777,1.184247804,2.61,59.82,33.5,6.68,24.42,31.38,29.29,31.76
Finca6,ALF018,0.090904433,4.14,2.024,4.701,2.98,0.32,0.41,0.27,16.04,47.66,36.15,0.877,1.899,1.162,0,0.646,1579.3,0.995681558,2.62446198,62.06149812,19.62013223,4.092458073,38.34890782,40.82696888,60.53830993,60.27687872,42.44136589,38.34890782,70.78302923,113.4234083,4.074785028,15.70864685,20.24670038,22.30048107,18.88614777,13.12199334,5.970149254,2.621191563,1.144689774,2.35,61.71,32.35,5.94,23.58,27.2,25.87,22.99
Finca7,GUI001,0.131148067,4.82,4.283,9.95,17.51,2.59,0.28,0.69,27.88,5.963,10.83,0.21,4.852,0.648,93.47,0.293,4003.8,0.750987035,2.252425222,66.6587362,21.80848439,5.729269208,39.1209826,59.48695652,92.73043478,69.6393543,44.85025181,39.1209826,4.326885698,6.975999391,4.302606897,10.37371134,18.4977517,31.86828252,20.34300285,11.31964247,3.590425532,1.843880237,2.163303356,3.21,46.08,48.37,5.55,16.18,49.63,45.73,48.69
Finca7,GUI002,0.098321923,5.02,4.025,9.351,5.43,2.32,0.25,0.32,26.2,2.728,7.507,0.118,1.536,0.372,97.74,0.204,3482.6,0.884971637,2.268280035,60.98490381,21.30633237,4.417676742,35.2608947,43.67776521,70.25525009,62.1739037,39.67857144,35.2608947,17.36953384,27.58690668,3.909518619,6.704288042,11.69706845,22.33173045,22.85498549,19.68233782,8.270079084,4.266846825,4.192663832,1.38,39.25,53.95,6.8,12.86,52.49,48.9,52.52
Finca7,GUI003,0.150760324,4.75,4.205,9.768,3.84,1.6,0.13,0.43,33.65,2.407,8.427,0.106,0.462,0.815,71.7,0.592,3356.5,0.633440999,2.288108313,72.31595222,18.32834232,5.056591832,48.93101807,84.54026246,113.6373545,71.98255931,53.9876099,48.93101807,10.06964907,15.98138042,3.20305258,3.692022263,8.85783859,17.94758813,20.23075139,21.15375696,13.09137291,7.6716141,7.355055659,0.55,26.58,62.08,11.35,13.42,51.93,50.14,52.54
Finca7,GUI004,0.171751531,5.15,4.014,9.326,1.88,1.96,0.48,0.46,31.37,1.457,5.324,0.149,0.779,0.525,74.61,0.576,3501.4,0.593289626,2.352682414,74.78241762,27.15973161,5.568288365,42.05439765,80.73831709,121.8436589,72.28857877,47.62268601,42.05439765,8.98424164,14.26908966,3.30360772,7.334825234,15.93670077,25.43265132,18.28005115,15.37297528,8.95140665,5.15771526,3.533674339,3.26,27.3,64.31,8.38,8.23,54.93,52.5,52.56
Finca7,GUI005,0.104241911,5.07,4.931,11.455,3.46,0.71,0.95,0.29,30.19,1.468,6.673,0.066,0.922,0.95,60.19,0.903,5033.2,0.674651016,2.144133071,68.53502123,24.60775367,5.046156027,38.88111153,66.01537269,104.4858545,70.49148789,43.92726756,38.88111153,2.134699713,3.392872431,3.404394289,9.889001009,18.74873865,27.71050566,18.70276937,12.58324924,5.715887431,3.437605113,3.212243525,3.35,33.32,59.66,7.02,23.87,53.77,52.02,52.44
Finca7,GUI006,0.118340224,5.59,5.139,11.94,4.29,5.6,1.01,0.54,32.88,0.803,4.114,0.086,3.649,0.726,77.55,0.695,4809,0.644787636,2.123423266,69.63452147,26.00538368,5.271309741,38.35782806,67.57798226,106.9926585,68.98754334,43.6291378,38.35782806,1.56842119,2.511359781,3.398875345,6.403133031,14.10720842,24.07783625,19.73320279,17.01505324,8.751682781,5.35797332,4.55391017,3.35,36.64,56.51,6.85,24.69,53.68,50.78,51.32
Finca7,GUI007,0.376783173,5.24,3.821,8.878,1,1.32,0.34,0.55,35.5,0.624,4.198,0.127,0.351,0.26,92.26,0.517,3219.1,0.640269047,2.108649497,69.63606099,17.43623235,5.722847856,46.47698079,80.67463106,108.3893853,69.39836842,52.19982865,46.47698079,0.882561673,1.414225331,3.664162343,2.883331447,8.92723775,22.92859568,17.23775037,16.4173362,12.45332126,9.815548263,9.336879031,3.32,58.73,33.65,7.62,16.08,53.65,52.95,54.15
Finca7,GUI008,0.055165556,4.78,4.669,10.847,21,4.6,0.26,0.16,27.22,3.208,19.5,0.148,2.949,1.198,107.6,0.447,3984.4,0.7521104,2.408916699,68.77806525,27.8622965,4.120028599,36.79574015,49.84359086,87.90193511,66.11195959,40.91576875,36.79574015,30.36878291,48.19781398,3.098716358,9.35960068,19.26614274,25.98661852,21.51869159,13.79566695,4.825828377,2.660365336,2.587085811,3.26,38.66,55.58,5.77,12.68,52.87,51.74,52.82
Finca7,GUI009,0.112781704,5.41,4.275,9.931,0.54,1.64,0.1,0.11,29.35,0.633,3.615,0.109,0.249,0.398,73.06,0.441,3422.2,0.666279945,2.435297319,72.64071456,36.2598954,5.561287366,30.8195318,56.92657078,105.9441135,70.5884381,36.38081916,30.8195318,42.556255,67.54035774,3.70537424,5.043336945,11.63705309,24.38569881,15.53629469,16.46262189,13.32286024,8.537378115,5.07475623,3.35,27.64,62.76,9.6,28.1,54.19,52.5,53.52
Finca7,GUI010,0.134958901,5.14,4.745,11.023,0.84,1.6,0.32,0.33,31.85,0.853,4.043,0.055,0.491,0.466,62.27,0.595,4266.4,0.58459749,2.098853338,72.14681565,29.21631068,5.57587409,37.35463088,72.78456364,118.5696583,69.31552461,42.93050497,37.35463088,4.032926247,6.405235805,3.259641995,4.425646552,12.98706897,27.51724138,17.47737069,16.03771552,10.50862069,6.570043103,4.476293103,3.23,22.82,69.34,7.83,24.2,53.68,52.8,53.74
Finca7,GUI011,0.134771976,5.16,4.986,11.584,1.97,1.21,0.3,0.24,30.9,0.639,5.347,0.076,0.896,0.677,71.8,0.581,4473.4,0.650660674,2.118821936,69.29139428,26.60314454,4.115185576,38.57306416,63.65430282,105.2510117,68.48269428,42.68824974,38.57306416,1.868530085,2.936261562,2.677589422,4.363484239,12.13008603,25.16415359,20.54784554,16.88826643,9.887411557,5.603957875,5.41479474,3.24,28.53,65.52,5.95,29.25,55.11,53.99,53.59
Finca7,GUI012,0.004348981,5.43,5.349,12.427,9.34,9.35,0.99,0.5,32.85,0.379,13.91,0.114,2.591,0.971,93.2,0.498,4793.2,0.727386604,2.142731707,66.0533047,25.27131815,4.576564216,36.20542234,55.43609532,93.05134172,67.68429943,40.78198656,36.20542234,19.75842678,31.70908814,3.328931502,2.84360948,11.69128354,27.28072842,21.4062825,15.50463267,8.878078443,5.805636012,6.589748924,3.31,35.15,59.21,5.64,29.19,54.29,52.96,53.35
Finca7,GUI013,0.230953018,5.46,3.913,9.09,4.99,4.29,1.45,0.66,36.97,1.224,3.638,0.045,2.328,0.604,110.7,0.515,3070.3,0.640653695,2.151692852,70.22559728,21.15593663,5.187774154,43.8818865,74.68070879,112.6546306,72.17260534,49.06966065,43.8818865,3.028870526,4.756363221,3.323566681,2.305506217,4.570159858,14.04262877,16.3374778,18.41385435,16.27708703,13.65008881,14.40319716,0.72,23.41,68.37,8.22,16.58,52.65,52.19,53.43
Finca7,GUI014,0.061691531,4.98,5.109,11.869,7.1,2.33,0.16,0.17,33.74,0.929,4.546,0.164,2.069,1.076,111.3,0.394,4816.1,0.671247887,2.090925524,67.89709248,31.92857639,5.531023572,30.43749252,55.18605747,100.4364892,67.41778122,35.96851609,30.43749252,11.2446745,17.82050754,3.712687887,1.361115166,4.028608962,12.04203766,14.13844694,16.02138374,15.33900161,16.11443585,20.95497008,0.74,10.46,88.42,1.11,15.61,53.19,52.36,54.1
Finca7,GUI015,0.070958946,4.81,4.875,11.326,4.72,1.65,0.08,0.06,32.27,1.656,2.58,0.152,4.549,0.779,149.9,0.559,5496.7,0.647029513,2.123671948,69.53251119,32.3365279,5.572614546,31.62336874,57.62162162,106.2964783,68.7769586,37.19598328,31.62336874,16.80033319,26.92101583,3.605646077,2.744367271,6.817625689,18.57435955,20.28911853,19.81290116,13.84983154,9.908332863,8.003463399,0.51,10.34,88.64,1.02,30.14,54.86,54.5,55.27
Finca7,GUI016,0.045049904,4.38,5.233,12.158,6.15,1.15,0.04,0.36,29.35,5.679,12.05,0.094,0.707,1.431,116.48,0.513,4005,0.678987485,2.098568129,67.64520172,29.53385369,4.616194126,33.4951539,44.74815353,97.76304637,66.37988499,38.11134803,33.4951539,6.957068592,11.09818085,3.13433804,2.772728506,11.187227,28.39333677,17.32005752,12.81912152,8.775333026,8.505385388,10.22681028,3.35,30.1,63.94,5.96,24.87,55.53,54.49,54.88
Finca7,GUI017,0.064504883,4.55,5.025,11.674,2.76,1.71,0.09,0.23,30.93,1.414,8.173,0.113,0.475,1.094,76.26,0.575,4784.2,0.657797141,2.158978854,69.53202483,27.61093093,4.963837378,36.95725652,57.02551338,109.2760838,71.88149553,41.9210939,36.95725652,8.803659748,13.95199878,3.265198037,3.919020169,9.512377865,20.36881298,18.43300356,17.24949923,12.91762871,9.567424578,8.032232909,3.33,32.2,61.64,6.16,14.48,52.72,52.21,53.54
Finca7,GUI018,0.180667855,4.5,4.647,10.797,2.29,0.52,1.73,0.45,30.94,3.372,3.817,0.175,0.318,0.984,106,0.408,3067.3,0.733407464,2.187952279,66.47973215,23.20024026,4.239799361,39.03969253,48.88047676,92.41995804,67.78148707,43.27949189,39.03969253,1.22502246,1.965963465,3.109500498,1.413664881,7.066686324,23.59329697,18.99520042,15.76326437,11.71883958,10.16429964,11.28474782,3.3,22.28,70.29,7.42,11.59,53.53,51.88,53.07
Finca8,VAL001,-0.063009613,5.15,6.129,14.24,1.43,4.71,2.65,0.79,34.07,2.341,5.864,0.071,0.555,0.322,44.96,1.07,4272,0.712230078,2.096195484,66.02272624,22.41476953,3.745718758,39.86223795,55.66613672,96.94435612,69.04668634,43.60795671,39.86223795,24.57454331,39.3192693,2.667813563,12.30116175,17.99821269,28.86952636,17.16264522,11.03217158,5.773011618,4.347631814,2.515638963,3.29,34.95,60.32,4.73,21.26,83,78.45,77.17
Finca8,VAL002,-0.112766666,5.33,6.586,15.3,1.56,3.22,0.47,0.87,32.21,0.578,4.409,0.073,0.845,0.954,57.06,0.61,3947,0.647539089,2.123069339,69.49986148,29.84799028,3.7457764,35.9060948,52.94505422,95.00972346,61.52250982,39.6518712,35.9060948,62.62544908,100.2007185,2.425536639,7.153434332,15.83779474,27.22405741,17.04977788,13.07893838,8.522610776,6.260394122,4.872992368,3.31,32.44,63.63,3.92,10.81,83.89,72.35,77.15
Finca8,VAL003,0.116088432,4.92,4.522,10.51,0.47,2.38,0.28,0.87,31.29,3.644,14.48,0.125,0.385,1.173,115.7,2.48,3115,0.643570328,2.216383598,70.96304409,28.38809956,6.492230827,36.0827137,62.65403776,96.27687467,61.96093982,42.57494452,36.0827137,7.597684962,12.04945349,4.178207124,8.166182712,10.10274738,17.30623185,19.01496538,16.65400938,12.03261112,9.262899263,7.460352915,3.33,29.94,66.12,3.94,7.48,50.59,51.72,51.56
Finca8,VAL004,-0.170495154,5.23,7.199,16.72,0.69,2.28,0.11,0.16,31.27,1.721,1.602,0.047,0.321,1.09,42.31,1.13,4726,0.641585276,2.07304379,69.05105051,28.30156778,2.727267359,38.02221537,54.24231071,96.77100719,62.08685332,40.74948273,38.02221537,15.21398862,24.41599787,1.74977458,7.011316658,16.51285478,29.32587241,17.2979218,11.2387077,6.940326554,6.230425523,5.442574574,3.35,32.32,65.65,2.03,7.05,88.04,83.12,82.26
Finca8,VAL005,-0.03699774,5.2,5.75,13.36,0.74,1.29,0.37,0.29,30.66,1.51,4.835,0.082,0.393,0.37,39.58,0.12,4466,0.657532909,2.115815799,68.92296061,31.41266579,3.041488795,34.46880603,49.34832609,94.8249425,62.3505203,37.51029482,34.46880603,6.584564356,10.52741726,1.999878976,8.996660836,14.5428526,22.90666243,15.90713945,14.07854985,9.756718079,8.328828113,5.482588647,3.39,16.11,81.09,2.79,3.4,79.63,85.89,82.64
Finca8,VAL006,0.083026144,4.86,4.956,11.51,0,1.67,0.11,0.05,29.96,0.676,0.523,0.043,0.144,0,30.52,0.59,3509,0.55424415,2.089357519,73.47298655,36.53392272,3.381106568,33.55795726,60.13243521,93.00909541,51.54974705,36.93906383,33.55795726,9.704846212,15.34719866,1.873958537,3.744790574,9.165592301,24.72940965,18.62501124,14.74230204,10.41885288,10.10403862,8.470002698,3.36,17.09,78.25,4.66,9.61,78.76,83.04,89.09
Finca8,VAL007,0.300933691,4.7,4.287,9.96,0,0.78,0.79,0.04,30,1.757,0.579,0.059,0.064,0,66.82,0.64,3130,0.711194496,2.116412922,66.39623162,16.26967851,6.354130604,43.77242252,65.30088469,86.88970078,61.79547698,50.12655312,43.77242252,0,0,4.519022714,10.91320991,11.87407234,17.70174205,16.85805796,17.34239513,11.09288337,9.085227717,5.13241153,3.3,20.02,76.44,3.54,1.9,52.84,53.11,51.57
Finca8,VAL008,-0.176334091,5.24,6.742,15.66,0.06,8.6,0.22,0.35,30.26,2.394,1.492,0.115,0.164,0.124,31.44,0.73,4011,0.588040933,2.052329749,71.34763881,30.54862051,4.269405466,36.52961283,61.36260237,98.07400667,57.67153034,40.7990183,36.52961283,49.50824463,79.27272035,2.510585172,7.468326983,19.09054301,27.76074095,16.404919,11.56026392,7.471424589,6.092990119,4.150791438,3.35,23.4,74.53,2.07,6.7,55.77,53.98,52.85
Finca8,VAL009,0.429981535,4.78,1.969,4.574,0,3.06,0.08,0.39,23.39,2.924,1.128,0.099,0.138,0,30.52,1.2,1880,0.477059875,2.121656111,77.51474084,43.0907634,8.729271137,25.6947063,72.06504789,96.82334596,46.19053332,34.42397744,25.6947063,19.80329785,31.70908814,4.164384998,9.391682818,12.61858615,22.59852426,18.61674997,15.51905879,10.6191982,5.862151042,4.774048761,3.33,21.83,73.89,4.28,12.31,30.14,27.39,29.38
Finca8,VAL010,0.120931969,5.02,4.68,10.87,0.38,3.11,0.74,0.18,28.72,0.811,1.777,0.029,0.13,0,55.1,0.67,3236,0.581107815,2.165742893,73.16819938,35.0395587,4.992857784,33.13578289,52.7202359,93.65646885,54.42450598,38.12864068,33.13578289,7.06246447,11.2250172,2.901388678,4.300515294,9.404122355,19.90461572,18.30117312,15.26422541,10.60190769,11.04867887,11.17476154,3.34,18.45,76.09,5.47,5.62,52.98,53.26,52.35
Finca8,VAL011,0.027436377,4.92,5.08,11.8,0.2,4.85,0.06,0.08,28.03,3.058,4.51,0.075,0.449,0,30.13,0.9,2839,0.717268491,2.210018306,67.54468099,33.81751953,6.102060513,27.62510095,41.21006981,96.41572728,69.15596324,33.72716146,27.62510095,25.32912424,40.58763282,4.376815738,4.250252562,10.57692308,20.73351133,16.53918314,14.25349978,10.72485207,11.70082263,11.2209554,3.34,32.11,65.11,2.78,6.33,53.05,50.23,52.5
Finca8,VAL012,0.110817192,4.89,3.931,9.131,2.06,11.88,1.38,0.69,24.46,14.23,7.727,0.124,1.164,0.07,37.06,2.31,3719,0.925181876,2.243635819,58.76416896,27.49843878,4.122929446,27.14280074,28.89664772,63.64622897,58.88433749,31.26573018,27.14280074,24.39256751,38.68508753,3.814459597,21.45186097,19.02799139,27.54229468,15.6444171,9.037219317,3.764995386,2.411565672,1.119655491,3.24,38.85,57.2,3.95,13.79,48.3,42.41,46.82
Finca8,VAL013,0.16668969,4.92,3.966,9.214,0.71,0.33,0.1,0.1,25.72,1.656,0.759,0.028,0.009,0,54.11,0.25,2575,0.563840536,2.197075085,74.33676528,37.4183848,4.990390076,31.9279904,67.9250205,96.42244913,54.3668854,36.91838048,31.9279904,12.76829735,20.29381641,2.813784216,11.50291195,13.92229015,21.98012343,14.94219569,12.45038102,10.09184945,8.182424014,6.927824298,3.35,23.26,70.91,5.83,18.11,47.73,49.7,50.38
Finca8,VAL014,0.053089179,4.64,5.133,11.93,1.11,2.86,0.79,0.1,23.31,4.766,3.001,0.068,0.356,0,32.37,0.64,3637,0.781406618,2.255489205,65.35533771,31.90813986,4.899302029,28.54789582,39.74962947,79.04668643,61.76760392,33.44719785,28.54789582,6.365451731,10.14690821,3.82834703,8.499906594,13.25736347,29.14876393,21.60159412,14.89818793,7.593872595,3.521389875,1.478921477,3.35,49.92,45.66,4.43,14.08,55.4,57.19,55.01
Finca8,VAL015,0.118783108,5.22,4.108,9.544,1.43,2.98,1.01,0.44,22.46,8.168,5.583,0.098,0.487,0.015,36.31,0.5,3596,0.891929304,2.267368095,60.66235096,21.71255863,4.347299402,34.60249293,40.77195783,70.07019933,62.4976641,38.94979233,34.60249293,2.584054049,4.122181458,3.877483729,26.0536845,23.69576195,25.40107991,13.39781688,6.926154683,2.070465758,1.425630268,1.029406052,3.31,56.94,39.08,3.98,17.06,47.35,50.21,53.07
Finca8,VAL016,0.157338914,5.45,3.701,8.598,1.23,6.9,0.94,0.79,22.34,3.077,4.538,0.133,0.289,0,34.75,0.65,2660,0.828675001,2.249596929,63.16340093,32.55250175,4.410332995,26.20056618,34.76710783,75.17954242,62.29940743,30.61089918,26.20056618,3.798842481,6.024726747,3.654732701,13.8697852,19.55948738,30.67834096,20.95919047,9.355591238,2.054109734,1.581482716,1.9420123,3.06,48.26,47.74,4,8.22,48.19,40.37,51.29
Finca8,VAL017,0.145213004,5.8,3.098,7.196,1.12,4.11,1.09,0.96,25.34,2.615,4.3,0.084,0.699,0,33.5,0.43,2447,0.827584409,2.209472038,62.54379352,27.14857467,5.071293383,30.32392546,37.50721437,77.64171539,64.25507313,35.39521885,30.32392546,17.65958492,28.53817933,4.196923336,13.49721707,16.02173337,23.06188709,20.65995229,13.71918897,5.2941956,3.988868275,3.756957328,3.19,43.7,52.81,3.5,14.93,44.48,49.91,53.43
Finca8,VAL018,-0.030716991,5.07,5.636,13.09,1.8,15.45,1.46,0.66,30.42,0.48,9.023,0.06,0.267,0,42.24,1.52,3712,0.670751145,2.16138003,68.96653361,36.82864204,3.892071939,28.24581962,43.97351853,95.78438372,64.24748506,32.13789156,28.24581962,19.45087656,31.07490638,2.61061171,6.572769953,14.67800514,32.64239525,21.08689875,12.79121268,3.875453982,4.566392063,3.786872176,3.25,28.05,69.19,2.76,8.68,53.71,53.65,75.75
