plot_name,accession_name,DM_raw,DM_gravity,DM_nirs
202109DVGN6_momi_rep1_ARG55_83,ARG55,39.41,35.6,38.9
202109DVGN6_momi_rep1_ARG65_42,ARG65,37.92,34.3,38.8
202109DVGN6_momi_rep1_ARG67_107,ARG67,35.26,34.2,34.1
202109DVGN6_momi_rep1_BOL1_135,BOL1,30.72,30.1,30.8
202109DVGN6_momi_rep1_BRA1001_71,BRA1001,37.28,34.1,36.3
202109DVGN6_momi_rep1_BRA1081_11,BRA1081,32.3,32.4,33.6
202109DVGN6_momi_rep1_BRA108_18,BRA108,38.99,38.2,38
202109DVGN6_momi_rep1_BRA1132_127,BRA1132,34.82,31.6,35.1
202109DVGN6_momi_rep1_BRA1139_97,BRA1139,31.02,28.9,31
202109DVGN6_momi_rep1_BRA1177_35,BRA1177,38.29,31.6,39.1
202109DVGN6_momi_rep1_BRA1243_28,BRA1243,37.45,35,35.7
202109DVGN6_momi_rep1_BRA130_74,BRA130,40.54,33.7,39.9
202109DVGN6_momi_rep1_BRA1310_102,BRA1310,41.41,36,39.9
202109DVGN6_momi_rep1_BRA136_46,BRA136,26.13,28.7,28.1
202109DVGN6_momi_rep1_BRA1410_43,BRA1410,30.74,33.9,32.8
202109DVGN6_momi_rep1_BRA144_113,BRA144,40.78,37,40.8
202109DVGN6_momi_rep1_BRA147_110,BRA147,35.59,33.4,34.4
202109DVGN6_momi_rep1_BRA162_73,BRA162,37.02,34,37.5
202109DVGN6_momi_rep1_BRA163_31,BRA163,40.34,37,39.3
202109DVGN6_momi_rep1_BRA190_30,BRA190,35.6,30,31
202109DVGN6_momi_rep1_BRA1A_121,BRA1A,41.38,34.7,42.3
202109DVGN6_momi_rep1_BRA222_14,BRA222,39.89,37.9,40.2
202109DVGN6_momi_rep1_BRA223_20,BRA223,41.69,38.9,40.7
202109DVGN6_momi_rep1_BRA254_37,BRA254,30.43,31.2,31.8
202109DVGN6_momi_rep1_BRA327_22,BRA327,34.6,34,35.8
202109DVGN6_momi_rep1_BRA334_132,BRA334,39.81,33.9,38.5
202109DVGN6_momi_rep1_BRA335_32,BRA335,39.61,39.4,42.3
202109DVGN6_momi_rep1_BRA512_29,BRA512,32.88,33.6,35.3
202109DVGN6_momi_rep1_BRA563_26,BRA563,35.86,32.1,36.1
202109DVGN6_momi_rep1_BRA707_117,BRA707,28.73,27.1,32.1
202109DVGN6_momi_rep1_BRA787_103,BRA787,37.36,33.9,36.4
202109DVGN6_momi_rep1_BRA872_116,BRA872,NA,34.3,23.9
202109DVGN6_momi_rep1_BRA890_88,BRA890,37.18,35.4,36.5
202109DVGN6_momi_rep1_BRA894_7,BRA894,30.86,32.8,31.3
202109DVGN6_momi_rep1_BRA899_126,BRA899,38.71,34.2,38
202109DVGN6_momi_rep1_BRA93_50,BRA93,38.78,34.7,38.7
202109DVGN6_momi_rep1_BRA974_115,BRA974,30.73,31.4,32.4
202109DVGN6_momi_rep1_CG1141-1_52,CG1141-1_is_Costena,37.92,35.6,37.3
202109DVGN6_momi_rep1_CM4919-1_100,CM4919-1_is_Veronica,39.18,37.3,39.1
202109DVGN6_momi_rep1_COL1030_21,COL1030,29.81,28.3,30.5
202109DVGN6_momi_rep1_COL1185_119,COL1185,36.05,32.5,34.6
202109DVGN6_momi_rep1_COL1292_2,COL1292,37.19,31.9,36
202109DVGN6_momi_rep1_COL1326_120,COL1326,31.34,30.5,31.8
202109DVGN6_momi_rep1_COL1357_111,COL1357,41.94,36.1,40.8
202109DVGN6_momi_rep1_COL1389_133,COL1389,37.25,34.1,37.6
202109DVGN6_momi_rep1_COL1398_58,COL1398,34.37,31.9,34.4
202109DVGN6_momi_rep1_COL1489_8,COL1489,32.14,27.3,32
202109DVGN6_momi_rep1_COL1490_92,COL1490,31.81,30.8,32.3
202109DVGN6_momi_rep1_COL1516_79,COL1516,39.77,36.5,39.2
202109DVGN6_momi_rep1_COL1535_105,COL1535,38.51,35.4,38.7
202109DVGN6_momi_rep1_COL1722_131,COL1722,40.96,36.4,40.2
202109DVGN6_momi_rep1_COL1734_40,COL1734,41.2,36.4,41.8
202109DVGN6_momi_rep1_COL1752_12,COL1752,43.32,31.1,43
202109DVGN6_momi_rep1_COL1786_94,COL1786,35.64,31.6,36.3
202109DVGN6_momi_rep1_COL191_39,COL191,26.92,25.9,28.8
202109DVGN6_momi_rep1_COL2007_136,COL2007,30.06,30.5,31.5
202109DVGN6_momi_rep1_COL2011_75,COL2011,40.41,31.8,39.9
202109DVGN6_momi_rep1_COL2019_6,COL2019,32.88,31.8,32.7
202109DVGN6_momi_rep1_COL2054_53,COL2054,40.91,36.8,39.1
202109DVGN6_momi_rep1_COL2059_69,COL2059,33.05,24.3,33.3
202109DVGN6_momi_rep1_COL2144_125,COL2144,38.83,35.2,39.5
202109DVGN6_momi_rep1_COL2182_108,COL2182,39.18,32.5,39.3
202109DVGN6_momi_rep1_COL2215_89,COL2215_is_Venezolana,44.07,40.4,44
202109DVGN6_momi_rep1_COL226B_19,COL226B,32.83,33.9,32.1
202109DVGN6_momi_rep1_COL2331_85,COL2331,27.53,27.9,28.4
202109DVGN6_momi_rep1_COL2353_86,COL2353,38.28,36.8,40.7
202109DVGN6_momi_rep1_COL2361_51,COL2361,26.17,24.7,26.2
202109DVGN6_momi_rep1_COL2387_68,COL2387,33.31,32.3,36.4
202109DVGN6_momi_rep1_COL2426_62,COL2426,34.11,29.4,33.7
202109DVGN6_momi_rep1_COL2493_122,COL2493,28.69,29.5,28.1
202109DVGN6_momi_rep1_COL2510_109,COL2510,35.92,31,32.9
202109DVGN6_momi_rep1_COL2526_38,COL2526,30.05,32.2,29.7
202109DVGN6_momi_rep1_COL2627_118,COL2627,24.3,24.5,27.2
202109DVGN6_momi_rep1_COL282_23,COL282,32.67,33,32.6
202109DVGN6_momi_rep1_COL304_54,COL304,26.52,23.6,27.6
202109DVGN6_momi_rep1_COL32_59,COL32,40.24,33,40
202109DVGN6_momi_rep1_COL40_82,COL40,32.87,32.3,33.7
202109DVGN6_momi_rep1_COL508_124,COL508,44.86,37.4,42.9
202109DVGN6_momi_rep1_COL621_78,COL621,39.1,35.1,39
202109DVGN6_momi_rep1_COL941_25,COL941,18.89,22.7,21.8
202109DVGN6_momi_rep1_COL948C_98,COL948C,40.61,37,39.7
202109DVGN6_momi_rep1_COL986_16,COL986,28.46,26.8,29.8
202109DVGN6_momi_rep1_CR22_56,CR22,36.46,35.5,36.1
202109DVGN6_momi_rep1_CR28_63,CR28,NA,18.2,NA
202109DVGN6_momi_rep1_CR77_47,CR77,37.66,35.9,35.5
202109DVGN6_momi_rep1_CUB29_129,CUB29,38.62,35.1,36.9
202109DVGN6_momi_rep1_CUB39_112,CUB39,36.32,31.3,34.5
202109DVGN6_momi_rep1_CUB56_65,CUB56,40.55,36.3,40
202109DVGN6_momi_rep1_CUB65_84,CUB65,39.15,34.9,39.3
202109DVGN6_momi_rep1_DOM3_49,DOM3,41.26,39,41.5
202109DVGN6_momi_rep1_ECU104_9,ECU104,23.22,23.2,25.7
202109DVGN6_momi_rep1_ECU31_96,ECU31,38.47,31.9,39.3
202109DVGN6_momi_rep1_ECU3_34,ECU3,41.47,37.4,40.9
202109DVGN6_momi_rep1_ECU43_24,ECU43,33.07,29.2,32.7
202109DVGN6_momi_rep1_ECU71_45,ECU71,39.52,36,39.1
202109DVGN6_momi_rep1_ECU72_1,ECU72,34.6,31.5,35
202109DVGN6_momi_rep1_GUA1_4,GUA1,39.1,36.9,38.7
202109DVGN6_momi_rep1_GUA32_3,GUA32,28.47,25.5,30
202109DVGN6_momi_rep1_MEX1_64,MEX1,34.79,33.5,35.7
202109DVGN6_momi_rep1_MEX23_55,MEX23,33.02,31.5,32.6
202109DVGN6_momi_rep1_MEX59_5,MEX59,39.21,33.4,40.2
202109DVGN6_momi_rep1_MEX65_99,MEX65,37.31,35.9,35.9
202109DVGN6_momi_rep1_MEX80_91,MEX80,37.47,35.6,35.4
202109DVGN6_momi_rep1_PAN7_44,PAN7,36.19,34.6,37.1
202109DVGN6_momi_rep1_PAR100_130,PAR100,36.32,31.5,33.4
202109DVGN6_momi_rep1_PAR101_10,PAR101,34.44,31.6,33.4
202109DVGN6_momi_rep1_PAR114_27,PAR114,33.73,33.2,33.5
202109DVGN6_momi_rep1_PAR128_80,PAR128,26.83,27.4,27.3
202109DVGN6_momi_rep1_PAR23_61,PAR23,36.88,35.1,35.8
202109DVGN6_momi_rep1_PAR36_81,PAR36,36.2,31.9,37.5
202109DVGN6_momi_rep1_PAR41_70,PAR41,40.15,34.3,40.5
202109DVGN6_momi_rep1_PAR81_95,PAR81,34.81,31.6,34.8
202109DVGN6_momi_rep1_PER226_76,PER226,37.01,30.6,37
202109DVGN6_momi_rep1_PER234_134,PER234,34.08,28.3,35.8
202109DVGN6_momi_rep1_PER297_36,PER297,34.26,26.4,32.8
202109DVGN6_momi_rep1_PER328_87,PER328,36,27.1,34.1
202109DVGN6_momi_rep1_PER349_15,PER349,40.54,35.2,41.4
202109DVGN6_momi_rep1_PER415_128,PER415,38.36,32.8,39
202109DVGN6_momi_rep1_PER484_48,PER484,25.07,22.5,27.6
202109DVGN6_momi_rep1_PER503_123,PER503,31.37,25.7,31.8
202109DVGN6_momi_rep1_PER534_93,PER534,40.41,36.2,39
202109DVGN6_momi_rep1_PER556_106,PER556,32.54,29.2,34.1
202109DVGN6_momi_rep1_PER584_104,PER584,37.97,30.4,36.8
202109DVGN6_momi_rep1_PER589_66,PER589,28.43,26.5,31.4
202109DVGN6_momi_rep1_PER593_17,PER593,39.98,33.5,40.6
202109DVGN6_momi_rep1_PTR1_101,PTR1,29.95,25.6,31.8
202109DVGN6_momi_rep1_PTR5_57,PTR5,22.47,22.8,22
202109DVGN6_momi_rep1_SM2775-4_13,SM2775-4_is_Bellotti,45.94,41.3,43.4
202109DVGN6_momi_rep1_SMB2446-2_90,SMB2446-2_is_Caiseli,43.68,38.9,42.1
202109DVGN6_momi_rep1_TAI8_72,TAI8_is_TAI,41.92,38.1,42.7
202109DVGN6_momi_rep1_USA2_67,USA2,29.46,30.6,31.4
202109DVGN6_momi_rep1_USA5_33,USA5,37.18,31.4,39.2
202109DVGN6_momi_rep1_VEN128_41,VEN128,35.96,31.2,36
202109DVGN6_momi_rep1_VEN208_77,VEN208,37.84,32.1,36.7
202109DVGN6_momi_rep1_VEN25_60,VEN25,37.53,36.8,37.7
202109DVGN6_momi_rep1_VEN312_114,VEN312,41.06,37,39
202109DVGN6_momi_rep2_ARG55_246,ARG55,35.51,32.2,34.1
202109DVGN6_momi_rep2_ARG65_233,ARG65,37.76,35.5,37.9
202109DVGN6_momi_rep2_ARG67_216,ARG67,36.13,33.3,35.1
202109DVGN6_momi_rep2_BOL1_193,BOL1,25.28,27.9,26.4
202109DVGN6_momi_rep2_BRA1001_174,BRA1001,32.76,30.6,32
202109DVGN6_momi_rep2_BRA1081_268,BRA1081,24.41,31,27.5
202109DVGN6_momi_rep2_BRA108_251,BRA108,36.2,37.7,35.8
202109DVGN6_momi_rep2_BRA1132_222,BRA1132,38.21,35.9,39.1
202109DVGN6_momi_rep2_BRA1139_218,BRA1139,33.66,33.8,33.9
202109DVGN6_momi_rep2_BRA1177_194,BRA1177,37.42,31.2,38.2
202109DVGN6_momi_rep2_BRA1243_253,BRA1243,42.25,38.9,40.4
202109DVGN6_momi_rep2_BRA130_228,BRA130,39.92,35.3,38.1
202109DVGN6_momi_rep2_BRA1310_247,BRA1310,40.95,37,39.6
202109DVGN6_momi_rep2_BRA136_245,BRA136,22.74,26.2,24.3
202109DVGN6_momi_rep2_BRA1410_202,BRA1410,36.72,36.4,36.3
202109DVGN6_momi_rep2_BRA144_207,BRA144,38.78,35.5,38
202109DVGN6_momi_rep2_BRA147_172,BRA147,34.31,30.1,35.1
202109DVGN6_momi_rep2_BRA162_167,BRA162,38.99,33.7,38
202109DVGN6_momi_rep2_BRA163_210,BRA163,40.07,36.3,39.6
202109DVGN6_momi_rep2_BRA190_145,BRA190,34.17,31.7,35.3
202109DVGN6_momi_rep2_BRA1A_250,BRA1A,40.2,34.1,39.6
202109DVGN6_momi_rep2_BRA222_191,BRA222,38.42,36.3,38.6
202109DVGN6_momi_rep2_BRA223_147,BRA223,39.09,38.1,38.7
202109DVGN6_momi_rep2_BRA254_175,BRA254,29.04,29.9,29.5
202109DVGN6_momi_rep2_BRA327_257,BRA327,28.3,30.5,29.2
202109DVGN6_momi_rep2_BRA334_241,BRA334,40.07,36.8,40.5
202109DVGN6_momi_rep2_BRA335_150,BRA335,42.6,38.8,44
202109DVGN6_momi_rep2_BRA512_199,BRA512,37.42,36.4,37.6
202109DVGN6_momi_rep2_BRA563_220,BRA563,36.85,35.3,37.6
202109DVGN6_momi_rep2_BRA707_169,BRA707,27.49,28.1,26.9
202109DVGN6_momi_rep2_BRA787_234,BRA787,33.19,29.5,32.9
202109DVGN6_momi_rep2_BRA872_187,BRA872,21.32,26.3,25.3
202109DVGN6_momi_rep2_BRA890_140,BRA890,30.72,32.2,31.3
202109DVGN6_momi_rep2_BRA894_227,BRA894,31.85,32.9,32.5
202109DVGN6_momi_rep2_BRA899_189,BRA899,33.42,32.3,35.1
202109DVGN6_momi_rep2_BRA93_197,BRA93,36.6,33.2,36.1
202109DVGN6_momi_rep2_BRA974_272,BRA974,29.47,27.2,31
202109DVGN6_momi_rep2_CG1141-1_236,CG1141-1_is_Costena,40.94,37.6,39.5
202109DVGN6_momi_rep2_CM4919-1_151,CM4919-1_is_Veronica,38.15,37.5,38
202109DVGN6_momi_rep2_COL1030_224,COL1030,NA,NA,NA
202109DVGN6_momi_rep2_COL1185_168,COL1185,32.8,29.4,32
202109DVGN6_momi_rep2_COL1292_244,COL1292,39.09,33,36.1
202109DVGN6_momi_rep2_COL1326_206,COL1326,18.41,23.8,21.8
202109DVGN6_momi_rep2_COL1357_270,COL1357,40.62,36.3,39
202109DVGN6_momi_rep2_COL1389_209,COL1389,35.05,33,36.2
202109DVGN6_momi_rep2_COL1398_180,COL1398,36.51,30.6,35.9
202109DVGN6_momi_rep2_COL1489_176,COL1489,31.03,30,32
202109DVGN6_momi_rep2_COL1490_156,COL1490,28.08,30.2,28.8
202109DVGN6_momi_rep2_COL1516_240,COL1516,39.31,37,39.3
202109DVGN6_momi_rep2_COL1535_159,COL1535,34.18,33.1,34.1
202109DVGN6_momi_rep2_COL1722_171,COL1722,40.53,34.1,40.8
202109DVGN6_momi_rep2_COL1734_173,COL1734,43.38,38.3,42.9
202109DVGN6_momi_rep2_COL1752_154,COL1752,43.16,17.7,40
202109DVGN6_momi_rep2_COL1786_162,COL1786,35.19,31.7,36.3
202109DVGN6_momi_rep2_COL191_144,COL191,24.87,27,29
202109DVGN6_momi_rep2_COL2007_217,COL2007,28.25,30.7,29.6
202109DVGN6_momi_rep2_COL2011_143,COL2011,36.14,31.7,36.5
202109DVGN6_momi_rep2_COL2019_200,COL2019,30.31,28.8,30.6
202109DVGN6_momi_rep2_COL2054_229,COL2054,41.22,37,38.1
202109DVGN6_momi_rep2_COL2059_181,COL2059,28.75,24,30.3
202109DVGN6_momi_rep2_COL2144_260,COL2144,36.8,36.1,36.5
202109DVGN6_momi_rep2_COL2182_230,COL2182,41.15,35.3,40.1
202109DVGN6_momi_rep2_COL2215_138,COL2215_is_Venezolana,44.88,40.3,44.1
202109DVGN6_momi_rep2_COL226B_259,COL226B,30.51,30.8,31.1
202109DVGN6_momi_rep2_COL2331_264,COL2331,25.98,29.9,26.2
202109DVGN6_momi_rep2_COL2353_148,COL2353,36.11,36.3,36.1
202109DVGN6_momi_rep2_COL2361_170,COL2361,30.64,31.5,29.5
202109DVGN6_momi_rep2_COL2387_235,COL2387,31.09,30.9,30.7
202109DVGN6_momi_rep2_COL2426_184,COL2426,37.05,33.4,36.9
202109DVGN6_momi_rep2_COL2493_146,COL2493,28.52,29,29.1
202109DVGN6_momi_rep2_COL2510_242,COL2510,32.66,33.1,33.6
202109DVGN6_momi_rep2_COL2526_182,COL2526,31.97,30.7,31.8
202109DVGN6_momi_rep2_COL2627_256,COL2627,27.22,27.1,29
202109DVGN6_momi_rep2_COL282_139,COL282,32.38,24.7,33.2
202109DVGN6_momi_rep2_COL304_254,COL304,28.72,28.2,30.2
202109DVGN6_momi_rep2_COL32_195,COL32,40.44,35.3,41
202109DVGN6_momi_rep2_COL40_208,COL40,33.22,33.3,31.5
202109DVGN6_momi_rep2_COL508_157,COL508,42.73,36.2,40
202109DVGN6_momi_rep2_COL621_232,COL621,38.73,36.1,38.5
202109DVGN6_momi_rep2_COL941_271,COL941,20.72,23.9,23.4
202109DVGN6_momi_rep2_COL948C_155,COL948C,41.84,37.4,40.2
202109DVGN6_momi_rep2_COL986_166,COL986,NA,NA,NA
202109DVGN6_momi_rep2_CR22_185,CR22,32.18,32.3,31.1
202109DVGN6_momi_rep2_CR28_178,CR28,32.74,21.3,31.8
202109DVGN6_momi_rep2_CR77_213,CR77,37.97,36.2,35.1
202109DVGN6_momi_rep2_CUB29_137,CUB29,36.86,32.8,36
202109DVGN6_momi_rep2_CUB39_177,CUB39,31.39,25.6,30.8
202109DVGN6_momi_rep2_CUB56_252,CUB56,41.12,37.6,38.2
202109DVGN6_momi_rep2_CUB65_225,CUB65,36.67,34.4,36.7
202109DVGN6_momi_rep2_DOM3_153,DOM3,41.64,40.2,41.4
202109DVGN6_momi_rep2_ECU104_198,ECU104,27.09,24.6,28.5
202109DVGN6_momi_rep2_ECU31_165,ECU31,32.79,29.1,36.3
202109DVGN6_momi_rep2_ECU3_263,ECU3,43.11,38.6,39.7
202109DVGN6_momi_rep2_ECU43_149,ECU43,34.62,29.6,35.1
202109DVGN6_momi_rep2_ECU71_248,ECU71,41.73,36.6,40
202109DVGN6_momi_rep2_ECU72_142,ECU72,36.07,27.5,35.1
202109DVGN6_momi_rep2_GUA1_243,GUA1,38.55,37.3,37.7
202109DVGN6_momi_rep2_GUA32_231,GUA32,31.03,29.8,30.3
202109DVGN6_momi_rep2_MEX1_212,MEX1,37.03,34.2,34.9
202109DVGN6_momi_rep2_MEX23_204,MEX23,36.67,35.5,34.8
202109DVGN6_momi_rep2_MEX59_223,MEX59,31.02,31.2,34.4
202109DVGN6_momi_rep2_MEX65_205,MEX65,32.3,32.5,32
202109DVGN6_momi_rep2_MEX80_258,MEX80,36.83,35.2,34.9
202109DVGN6_momi_rep2_PAN7_214,PAN7,42.6,38,41.2
202109DVGN6_momi_rep2_PAR100_201,PAR100,34.67,30.2,32.6
202109DVGN6_momi_rep2_PAR101_203,PAR101,32.81,30.7,31.3
202109DVGN6_momi_rep2_PAR114_261,PAR114,34.69,35.2,34.2
202109DVGN6_momi_rep2_PAR128_237,PAR128,30.18,28.5,30.1
202109DVGN6_momi_rep2_PAR23_188,PAR23,38.83,35.5,38.2
202109DVGN6_momi_rep2_PAR36_262,PAR36,35.67,31.6,33.6
202109DVGN6_momi_rep2_PAR41_211,PAR41,40.49,34.9,38.8
202109DVGN6_momi_rep2_PAR81_164,PAR81,37.95,33.5,38.1
202109DVGN6_momi_rep2_PER226_266,PER226,38.18,32.3,36.3
202109DVGN6_momi_rep2_PER234_267,PER234,35.26,29.8,35.6
202109DVGN6_momi_rep2_PER297_161,PER297,21.88,22.3,24.6
202109DVGN6_momi_rep2_PER328_249,PER328,36.61,28.9,35.2
202109DVGN6_momi_rep2_PER349_269,PER349,41.91,34.9,41.3
202109DVGN6_momi_rep2_PER415_183,PER415,37.86,32.8,36.7
202109DVGN6_momi_rep2_PER484_160,PER484,19.25,19.3,20.3
202109DVGN6_momi_rep2_PER503_141,PER503,23.4,25.2,26.2
202109DVGN6_momi_rep2_PER534_152,PER534,42.2,35.2,42.3
202109DVGN6_momi_rep2_PER556_255,PER556,30.29,28.6,30.6
202109DVGN6_momi_rep2_PER584_196,PER584,37.45,30.2,37.5
202109DVGN6_momi_rep2_PER589_186,PER589,32.16,30.1,32.5
202109DVGN6_momi_rep2_PER593_239,PER593,40.73,33.1,40.5
202109DVGN6_momi_rep2_PTR1_158,PTR1,26.19,26.7,27.9
202109DVGN6_momi_rep2_PTR5_219,PTR5,22.95,22.9,23.1
202109DVGN6_momi_rep2_SM2775-4_226,SM2775-4_is_Bellotti,43.25,39.5,40.9
202109DVGN6_momi_rep2_SMB2446-2_215,SMB2446-2_is_Caiseli,44.29,40.2,41.5
202109DVGN6_momi_rep2_TAI8_179,TAI8_is_TAI,42.21,37.1,41.6
202109DVGN6_momi_rep2_USA2_163,USA2,31.34,30.8,32.9
202109DVGN6_momi_rep2_USA5_238,USA5,38.89,33.9,39.2
202109DVGN6_momi_rep2_VEN128_192,VEN128,32.66,29.8,32.4
202109DVGN6_momi_rep2_VEN208_221,VEN208,38.89,34.4,37.7
202109DVGN6_momi_rep2_VEN25_190,VEN25,34.85,35.2,34.7
202109DVGN6_momi_rep2_VEN312_265,VEN312,43.11,37.3,40.8
202206DVGN6_ciat_rep1_ARG55_85,ARG55,42.09502044,43.08094832,41.3875656
202206DVGN6_ciat_rep1_ARG62_13,ARG62,42.24624967,38.08865894,40.400177
202206DVGN6_ciat_rep1_ARG65_126,ARG65,34.87623222,40.22507356,36.9319458
202206DVGN6_ciat_rep1_ARG67_166,ARG67,41.36635108,39.38615063,39.7163353
202206DVGN6_ciat_rep1_ARG74_164,ARG74,42.35247973,37.63076581,40.8085365
202206DVGN6_ciat_rep1_ARG97_132,ARG97,40.68987422,37.07668785,39.7751503
202206DVGN6_ciat_rep1_BOL1_150,BOL1,33.50117908,36.73007791,35.250248
202206DVGN6_ciat_rep1_BRA1001_24,BRA1001,42.29768543,40.34184397,42.0670128
202206DVGN6_ciat_rep1_BRA1022_141,BRA1022,40.00750814,38.90822868,40.4347649
202206DVGN6_ciat_rep1_BRA108_140,BRA108,NA,36.65507177,NA
202206DVGN6_ciat_rep1_BRA1081_95,BRA1081,39.06131224,42.1542623,39.9133186
202206DVGN6_ciat_rep1_BRA1132_31,BRA1132,38.40973166,36.50421024,38.8042374
202206DVGN6_ciat_rep1_BRA1139_42,BRA1139,38.33464761,39.08396919,38.4306412
202206DVGN6_ciat_rep1_BRA1143_39,BRA1143,42.76262115,39.0160262,41.6212502
202206DVGN6_ciat_rep1_BRA1177_75,BRA1177,44.92798016,36.43456704,42.3740845
202206DVGN6_ciat_rep1_BRA1243_7,BRA1243,40.48748715,39.07877238,38.341568
202206DVGN6_ciat_rep1_BRA130_37,BRA130,NA,NA,NA
202206DVGN6_ciat_rep1_BRA1310_14,BRA1310,43.19323599,36.31029116,42.111393
202206DVGN6_ciat_rep1_BRA1320_96,BRA1320,NA,44.19978512,NA
202206DVGN6_ciat_rep1_BRA134_80,BRA134,44.11802022,38.5243167,42.5023575
202206DVGN6_ciat_rep1_BRA136_32,BRA136,29.70805161,34.60553506,33.7257996
202206DVGN6_ciat_rep1_BRA1410_53,BRA1410,41.82252333,39.94233361,42.1068344
202206DVGN6_ciat_rep1_BRA1412_99,BRA1412,41.36265607,42.73913295,42.6856003
202206DVGN6_ciat_rep1_BRA144_178,BRA144,36.39433678,32.79390706,36.8369751
202206DVGN6_ciat_rep1_BRA147_92,BRA147,41.75825946,40.43541583,41.0658264
202206DVGN6_ciat_rep1_BRA162_117,BRA162,NA,32.46073512,NA
202206DVGN6_ciat_rep1_BRA163_69,BRA163,40.45435438,39.56779687,40.8050613
202206DVGN6_ciat_rep1_BRA172_90,BRA172,41.44535968,35.37862863,40.4353523
202206DVGN6_ciat_rep1_BRA190_123,BRA190,40.10393829,37.36570173,40.0205193
202206DVGN6_ciat_rep1_BRA1A_98,BRA1A,NA,32.24515419,NA
202206DVGN6_ciat_rep1_BRA222_130,BRA222,34.89000989,32.15868217,35.9443321
202206DVGN6_ciat_rep1_BRA223_121,BRA223,40.59444737,54.66451484,40.877636
202206DVGN6_ciat_rep1_BRA253_160,BRA253,36.00220225,34.69390452,35.755146
202206DVGN6_ciat_rep1_BRA254_149,BRA254,30.60800956,32.29752128,31.918869
202206DVGN6_ciat_rep1_BRA327_137,BRA327,37.97235158,39.82137097,37.6702843
202206DVGN6_ciat_rep1_BRA334_172,BRA334,42.45378391,35.74335013,40.5252724
202206DVGN6_ciat_rep1_BRA335_86,BRA335,40.99760761,39.20893525,39.9129028
202206DVGN6_ciat_rep1_BRA354_139,BRA354,22.1954141,24.93383497,25.7435493
202206DVGN6_ciat_rep1_BRA467_60,BRA467,36.814703,37.90832427,38.0773163
202206DVGN6_ciat_rep1_BRA486_45,BRA486,36.14302922,28.43333333,37.0287285
202206DVGN6_ciat_rep1_BRA512_56,BRA512,41.09227616,39.31207367,42.2684937
202206DVGN6_ciat_rep1_BRA538_145,BRA538,39.27518891,40.17962255,39.9928932
202206DVGN6_ciat_rep1_BRA563_103,BRA563,38.44011915,39.11434996,41.0505486
202206DVGN6_ciat_rep1_BRA707_48,BRA707,37.73012051,34.18348083,38.8176041
202206DVGN6_ciat_rep1_BRA71_173,BRA71,43.56451759,37.58231152,41.6258392
202206DVGN6_ciat_rep1_BRA787_6,BRA787,NA,NA,NA
202206DVGN6_ciat_rep1_BRA803_93,BRA803,36.34637028,37.42010309,37.316925
202206DVGN6_ciat_rep1_BRA872_70,BRA872,26.69617252,29.23640291,28.8464012
202206DVGN6_ciat_rep1_BRA890_81,BRA890,36.24613002,38.16753927,39.0406609
202206DVGN6_ciat_rep1_BRA894_152,BRA894,36.6411617,38.62450644,36.259819
202206DVGN6_ciat_rep1_BRA899_23,BRA899,41.54969338,39.3111329,40.9952583
202206DVGN6_ciat_rep1_BRA93_128,BRA93,37.46932895,35.36003642,38.8565445
202206DVGN6_ciat_rep1_BRA974_64,BRA974,39.89518279,35.91709022,39.9807777
202206DVGN6_ciat_rep1_BRA997_55,BRA997,36.4156603,35.49930748,38.009285
202206DVGN6_ciat_rep1_CG1141-1_5,CG1141-1_is_Costena,40.39056407,30.5076324,40.7998734
202206DVGN6_ciat_rep1_CM4919-1_16,CM4919-1_is_Veronica,37.03214786,39.00513878,36.8035469
202206DVGN6_ciat_rep1_COL1030_40,COL1030,34.64430905,32.43394584,34.8589935
202206DVGN6_ciat_rep1_COL113_154,COL113,35.27439221,37.82141645,36.8643265
202206DVGN6_ciat_rep1_COL1185_58,COL1185,36.15388288,31.19575807,38.78479
202206DVGN6_ciat_rep1_COL1292_72,COL1292,41.8323833,34.84161704,39.1121368
202206DVGN6_ciat_rep1_COL1326_148,COL1326,24.91470819,28.59235111,29.1046104
202206DVGN6_ciat_rep1_COL1357_22,COL1357,39.11086173,40.91365272,38.5580444
202206DVGN6_ciat_rep1_COL1389_163,COL1389,39.55043524,35.17632613,37.7340431
202206DVGN6_ciat_rep1_COL1398_156,COL1398,39.52359466,35.05821355,39.855957
202206DVGN6_ciat_rep1_COL1489_136,COL1489,34.76057067,32.22218824,35.701313
202206DVGN6_ciat_rep1_COL1490_170,COL1490,33.47301028,35.63613322,33.982975
202206DVGN6_ciat_rep1_COL1516_158,COL1516,35.43374655,35.77022472,36.6561203
202206DVGN6_ciat_rep1_COL1517_176,COL1517,NA,NA,NA
202206DVGN6_ciat_rep1_COL1535_135,COL1535,41.21255829,40.09624397,41.0259552
202206DVGN6_ciat_rep1_COL1722_107,COL1722,41.52726248,42.52575058,43.5672073
202206DVGN6_ciat_rep1_COL1734_182,COL1734,41.32268303,40.16286486,40.9223747
202206DVGN6_ciat_rep1_COL1752_169,COL1752,NA,NA,NA
202206DVGN6_ciat_rep1_COL1786_50,COL1786,39.36019019,33.35351053,40.9642258
202206DVGN6_ciat_rep1_COL191_133,COL191,30.50352174,NA,32.6415939
202206DVGN6_ciat_rep1_COL2007_20,COL2007,32.79817073,33.38727931,34.733429
202206DVGN6_ciat_rep1_COL2011_74,COL2011,44.60514219,38.96633987,42.456562
202206DVGN6_ciat_rep1_COL2019_63,COL2019,32.96484407,34.60385501,35.0861015
202206DVGN6_ciat_rep1_COL2054_91,COL2054,40.87858797,41.0607438,41.207386
202206DVGN6_ciat_rep1_COL2059_105,COL2059,42.19768668,37.67965091,43.8137321
202206DVGN6_ciat_rep1_COL2131_159,COL2131,41.909638,39.69031852,43.1223488
202206DVGN6_ciat_rep1_COL2144_62,COL2144,NA,23.74619048,NA
202206DVGN6_ciat_rep1_COL2182_79,COL2182,41.25357154,36.24226287,42.7235031
202206DVGN6_ciat_rep1_COL2215_155,COL2215_is_Venezolana,44.55602661,41.23365944,43.0458832
202206DVGN6_ciat_rep1_COL22_168,COL22,41.26938007,38.1201373,39.1017113
202206DVGN6_ciat_rep1_COL223_171,COL223,46.52834962,46.03201285,44.6288414
202206DVGN6_ciat_rep1_COL2253_2,COL2253,41.79506296,42.09820988,41.8200874
202206DVGN6_ciat_rep1_COL226B_120,COL226B,38.44717184,27.93296296,39.1390343
202206DVGN6_ciat_rep1_COL2318_76,COL2318,36.31399008,33.70100956,35.1477852
202206DVGN6_ciat_rep1_COL2331_38,COL2331,34.51439417,32.37634409,36.69944
202206DVGN6_ciat_rep1_COL2353_104,COL2353,37.05590764,40.55769231,37.9841843
202206DVGN6_ciat_rep1_COL2361_118,COL2361,35.31997716,31.41011299,35.5845833
202206DVGN6_ciat_rep1_COL2387_138,COL2387,35.14147008,36.0960733,35.5905647
202206DVGN6_ciat_rep1_COL2436_88,COL2436,32.02851604,36.00559232,32.8474426
202206DVGN6_ciat_rep1_COL2493_101,COL2493,NA,32.25734266,NA
202206DVGN6_ciat_rep1_COL2510_78,COL2510,35.86241106,36.72640684,37.9209557
202206DVGN6_ciat_rep1_COL2526_175,COL2526,36.37326969,36.97297376,35.6210709
202206DVGN6_ciat_rep1_COL2627_179,COL2627,40.92107571,34.27670552,39.9885941
202206DVGN6_ciat_rep1_COL282_59,COL282,36.675209,37.5702454,38.0477104
202206DVGN6_ciat_rep1_COL32_115,COL32,44.83338529,39.03287068,43.2263451
202206DVGN6_ciat_rep1_COL40_17,COL40,40.72398177,32.56788205,39.5010147
202206DVGN6_ciat_rep1_COL508_180,COL508,46.6654443,40.8549376,43.7758904
202206DVGN6_ciat_rep1_COL589_67,COL589,31.41528137,26.88289201,32.7059975
202206DVGN6_ciat_rep1_COL608_77,COL608,39.07178739,35.51,39.4510498
202206DVGN6_ciat_rep1_COL621_151,COL621,35.73310085,38.88011228,36.3546562
202206DVGN6_ciat_rep1_COL87_109,COL87,36.04693223,38.12292308,38.5184174
202206DVGN6_ciat_rep1_COL941_100,COL941,28.96953056,27.58684211,31.3779278
202206DVGN6_ciat_rep1_COL948C_10,COL948C,42.60569819,40.98832667,42.5464516
202206DVGN6_ciat_rep1_CR22_1,CR22,36.73850109,34.54234426,37.8765297
202206DVGN6_ciat_rep1_CR28_68,CR28,NA,NA,NA
202206DVGN6_ciat_rep1_CR63_19,CR63,37.87387519,35.85973154,38.277607
202206DVGN6_ciat_rep1_CR77_36,CR77,33.23842142,30.71427901,34.1846199
202206DVGN6_ciat_rep1_CUB29_89,CUB29,42.1037589,36.91363636,40.8290596
202206DVGN6_ciat_rep1_CUB39_97,CUB39,NA,NA,NA
202206DVGN6_ciat_rep1_CUB42_181,CUB42,40.12013202,38.94348066,41.6923637
202206DVGN6_ciat_rep1_CUB56_147,CUB56,40.82098881,37.11226415,39.357666
202206DVGN6_ciat_rep1_CUB65_34,CUB65,46.72404957,41.82053942,45.0533104
202206DVGN6_ciat_rep1_DOM2_11,DOM2,42.70699504,43.16911672,43.4109192
202206DVGN6_ciat_rep1_DOM3_30,DOM3,43.9778118,42.48824627,43.6855659
202206DVGN6_ciat_rep1_ECU104_144,ECU104,29.11743724,27.08282443,32.4275818
202206DVGN6_ciat_rep1_ECU122_174,ECU122,40.50978391,37.1550645,40.5308342
202206DVGN6_ciat_rep1_ECU31_35,ECU31,38.61474241,35.09699588,39.84972
202206DVGN6_ciat_rep1_ECU3_8,ECU3,42.56534977,39.7865225,42.7233276
202206DVGN6_ciat_rep1_ECU43_167,ECU43,38.07048696,34.39052731,36.3661804
202206DVGN6_ciat_rep1_ECU71_186,ECU71,41.66901366,38.86200768,42.1387558
202206DVGN6_ciat_rep1_ECU72_82,ECU72,31.73142735,30.94291291,32.5660362
202206DVGN6_ciat_rep1_GUA1_185,GUA1,33.05219264,31.96606447,34.1344223
202206DVGN6_ciat_rep1_GUA32_119,GUA32,NA,NA,NA
202206DVGN6_ciat_rep1_GUA58_113,GUA58,41.73438792,39.53252632,41.5077171
202206DVGN6_ciat_rep1_MEX1_15,MEX1,40.23112764,28.47589792,38.7485924
202206DVGN6_ciat_rep1_MEX23_29,MEX23,38.59533545,36.48150562,38.5956039
202206DVGN6_ciat_rep1_MEX59_183,MEX59,NA,39.87576717,NA
202206DVGN6_ciat_rep1_MEX65_134,MEX65,NA,34.54551522,NA
202206DVGN6_ciat_rep1_MEX80_153,MEX80,34.36041734,35.39085338,36.2911148
202206DVGN6_ciat_rep1_MEX95_143,MEX95,35.73181305,36.56038144,37.2324791
202206DVGN6_ciat_rep1_PAN12B_87,PAN12B,43.69475255,44.80213946,43.7670975
202206DVGN6_ciat_rep1_PAN7_25,PAN7,NA,34.31841478,NA
202206DVGN6_ciat_rep1_PAR100_3,PAR100,40.89586791,32.34567456,41.0103607
202206DVGN6_ciat_rep1_PAR110_111,PAR110,35.46632512,29.78726542,36.5134315
202206DVGN6_ciat_rep1_PAR114_9,PAR114,40.42724054,37.41103391,40.4122925
202206DVGN6_ciat_rep1_PAR128_94,PAR128,NA,22.80416667,NA
202206DVGN6_ciat_rep1_PAR23_146,PAR23,45.65965992,37.89357755,43.8926048
202206DVGN6_ciat_rep1_PAR36_129,PAR36,42.91724134,32.82292818,35.9340515
202206DVGN6_ciat_rep1_PAR41_177,PAR41,41.723145,36.52263752,39.700901
202206DVGN6_ciat_rep1_PAR81_71,PAR81,45.60957567,36.7644438,42.8707619
202206DVGN6_ciat_rep1_PAR88_162,PAR88,38.57474925,31.23856589,37.2775421
202206DVGN6_ciat_rep1_PAR9_51,PAR9,37.80323508,37.3914962,38.5241623
202206DVGN6_ciat_rep1_PER222_65,PER222,41.5960542,39.55983607,42.1700325
202206DVGN6_ciat_rep1_PER226_21,PER226,40.7076542,38.54888668,41.0506516
202206DVGN6_ciat_rep1_PER234_54,PER234,41.17130611,33.72316579,41.1184807
202206DVGN6_ciat_rep1_PER259_125,PER259,38.80382919,34.81088632,39.2560234
202206DVGN6_ciat_rep1_PER297_18,PER297,38.021156,28.60824885,38.195549
202206DVGN6_ciat_rep1_PER328_165,PER328,39.25591747,28.59334499,39.0883484
202206DVGN6_ciat_rep1_PER342_41,PER342,38.52870736,38.29159922,38.6142387
202206DVGN6_ciat_rep1_PER349_122,PER349,42.06558939,49.39354839,43.3546295
202206DVGN6_ciat_rep1_PER405_184,PER405,39.77547152,31.83223176,39.5979614
202206DVGN6_ciat_rep1_PER415_112,PER415,37.60766257,37.98889908,38.3092117
202206DVGN6_ciat_rep1_PER418_187,PER418,44.04233904,32.8273,42.0001183
202206DVGN6_ciat_rep1_PER457_12,PER457,40.01491937,35.61924528,41.2236061
202206DVGN6_ciat_rep1_PER476_28,PER476,35.71553069,32.47387352,35.4491615
202206DVGN6_ciat_rep1_PER481_157,PER481,34.4931673,35.05047619,34.6890869
202206DVGN6_ciat_rep1_PER484_43,PER484,33.64806319,31.41401747,36.2477417
202206DVGN6_ciat_rep1_PER520_52,PER520,42.7592867,39.47316258,42.3668404
202206DVGN6_ciat_rep1_PER534_33,PER534,43.81578407,42.37222222,42.8622055
202206DVGN6_ciat_rep1_PER556_106,PER556,39.32591859,33.39660633,40.2832184
202206DVGN6_ciat_rep1_PER584_124,PER584,39.68690064,36.60514486,41.0795135
202206DVGN6_ciat_rep1_PER589_61,PER589,36.52469529,31.45297381,36.7740479
202206DVGN6_ciat_rep1_PER593_66,PER593,41.29680129,35.53135124,41.2848244
202206DVGN6_ciat_rep1_PTR1_161,PTR1,37.34467536,NA,36.0574188
202206DVGN6_ciat_rep1_PTR5_108,PTR5,36.35721825,34.26311301,36.7721825
202206DVGN6_ciat_rep1_SM1127-8_110,SM1127-8_is_Cubana,NA,37.11226415,NA
202206DVGN6_ciat_rep1_SM1127-8_127,SM1127-8_is_Cubana,39.48695982,37.73232899,40.7168274
202206DVGN6_ciat_rep1_SM1127-8_27,SM1127-8_is_Cubana,42.39060154,34.8447099,42.821022
202206DVGN6_ciat_rep1_SM1127-8_47,SM1127-8_is_Cubana,NA,39.20404003,NA
202206DVGN6_ciat_rep1_SM2775-4_46,SM2775-4_is_Bellotti,46.1402139,43.89516971,45.3400612
202206DVGN6_ciat_rep1_SM2828-28_49,SM2828-28,43.15453034,40.50717842,42.3570557
202206DVGN6_ciat_rep1_SMB2446-2_84,SMB2446-2_is_Caiseli,45.82636763,42.87933426,44.9592781
202206DVGN6_ciat_rep1_TAI8_57,TAI8_is_TAI,40.38098016,39.76497674,41.4260445
202206DVGN6_ciat_rep1_USA2_114,USA2,32.93795433,32.13057769,34.0064468
202206DVGN6_ciat_rep1_USA5_131,USA5,40.35379182,35.2012,41.0401306
202206DVGN6_ciat_rep1_VEN128_142,VEN128,39.90406571,33.47817746,39.8943138
202206DVGN6_ciat_rep1_VEN149_83,VEN149,42.72000526,39.9374818,41.7064896
202206DVGN6_ciat_rep1_VEN151_73,VEN151,41.76826571,38.60592133,39.8394318
202206DVGN6_ciat_rep1_VEN180_102,VEN180,45.28939043,40.65076453,44.1471977
202206DVGN6_ciat_rep1_VEN192_4,VEN192,40.88272028,39.49257939,40.2158852
202206DVGN6_ciat_rep1_VEN208_44,VEN208,38.14879205,38.88400868,39.3803368
202206DVGN6_ciat_rep1_VEN25_26,VEN25,40.07805211,41.27526909,39.1521873
202206DVGN6_ciat_rep1_VEN312_116,VEN312,39.17917798,40.0602321,39.2739182
202206DVGN6_ciat_rep2_ARG55_233,ARG55,45.35521744,36.18623504,45.3249817
202206DVGN6_ciat_rep2_ARG62_272,ARG62,45.09011348,40.00932086,43.4993629
202206DVGN6_ciat_rep2_ARG65_196,ARG65,38.87425128,40.79407767,39.8016167
202206DVGN6_ciat_rep2_ARG67_351,ARG67,42.64147687,37.60531476,41.1369133
202206DVGN6_ciat_rep2_ARG74_353,ARG74,45.09592747,38.38462572,43.2192955
202206DVGN6_ciat_rep2_ARG97_290,ARG97,41.2927605,40.98250249,42.3558998
202206DVGN6_ciat_rep2_BOL1_284,BOL1,38.54216845,33.62016848,38.969471
202206DVGN6_ciat_rep2_BRA1001_274,BRA1001,41.56585036,36.95332668,40.1882172
202206DVGN6_ciat_rep2_BRA1022_230,BRA1022,NA,34.57251721,NA
202206DVGN6_ciat_rep2_BRA1081_199,BRA1081,39.40096419,38.32561943,39.6043358
202206DVGN6_ciat_rep2_BRA108_295,BRA108,41.0974421,28.68692946,40.5282364
202206DVGN6_ciat_rep2_BRA1132_296,BRA1132,40.77984477,32.26717331,41.1673012
202206DVGN6_ciat_rep2_BRA1139_297,BRA1139,36.05882973,34.58399615,36.8117027
202206DVGN6_ciat_rep2_BRA1143_352,BRA1143,35.70367334,NA,36.4748154
202206DVGN6_ciat_rep2_BRA1177_235,BRA1177,42.53636844,32.35897959,40.9485741
202206DVGN6_ciat_rep2_BRA1243_361,BRA1243,41.31673761,36.38856691,42.3316803
202206DVGN6_ciat_rep2_BRA130_365,BRA130,NA,NA,NA
202206DVGN6_ciat_rep2_BRA1310_373,BRA1310,36.17596915,32.87151899,37.8277016
202206DVGN6_ciat_rep2_BRA1320_269,BRA1320,40.91787899,39.05225175,40.8803406
202206DVGN6_ciat_rep2_BRA134_328,BRA134,42.1095625,33.53518245,40.7040253
202206DVGN6_ciat_rep2_BRA136_321,BRA136,35.8375393,27.72757412,37.9415703
202206DVGN6_ciat_rep2_BRA1410_201,BRA1410,40.77783552,40.94440915,39.7197227
202206DVGN6_ciat_rep2_BRA1412_333,BRA1412,42.14242196,37.03669559,41.0987167
202206DVGN6_ciat_rep2_BRA144_305,BRA144,41.4787993,28.33168184,40.1624107
202206DVGN6_ciat_rep2_BRA147_318,BRA147,42.57015939,38.31538757,41.8952332
202206DVGN6_ciat_rep2_BRA162_261,BRA162,NA,25.65349794,NA
202206DVGN6_ciat_rep2_BRA163_339,BRA163,42.28919315,37.38310658,41.5126686
202206DVGN6_ciat_rep2_BRA172_325,BRA172,NA,33.37072289,NA
202206DVGN6_ciat_rep2_BRA190_253,BRA190,40.63762461,34.84142084,40.9033127
202206DVGN6_ciat_rep2_BRA1A_362,BRA1A,NA,36.11691824,NA
202206DVGN6_ciat_rep2_BRA222_242,BRA222,40.44216546,44.26518182,38.3000793
202206DVGN6_ciat_rep2_BRA223_265,BRA223,40.85167108,36.8526087,42.0298538
202206DVGN6_ciat_rep2_BRA253_303,BRA253,34.89359932,30.83907563,33.7688026
202206DVGN6_ciat_rep2_BRA254_288,BRA254,28.97746449,26.17270382,32.3834419
202206DVGN6_ciat_rep2_BRA327_372,BRA327,40.1681779,31.32861525,40.1912651
202206DVGN6_ciat_rep2_BRA334_197,BRA334,47.36049007,37.11226415,44.7452927
202206DVGN6_ciat_rep2_BRA335_354,BRA335,40.1486118,35.12007162,39.0777168
202206DVGN6_ciat_rep2_BRA354_258,BRA354,24.27497237,26.79508972,26.8395538
202206DVGN6_ciat_rep2_BRA467_189,BRA467,41.48495892,40.33749354,41.1184425
202206DVGN6_ciat_rep2_BRA486_232,BRA486,NA,33.60677695,NA
202206DVGN6_ciat_rep2_BRA512_195,BRA512,41.90572663,36.58795987,41.311882
202206DVGN6_ciat_rep2_BRA538_241,BRA538,41.5039001,38.57791248,40.2391205
202206DVGN6_ciat_rep2_BRA563_218,BRA563,39.99394101,37.6242354,40.5813446
202206DVGN6_ciat_rep2_BRA707_363,BRA707,27.67264138,30.49541593,30.0407524
202206DVGN6_ciat_rep2_BRA71_329,BRA71,42.10038671,29.50915966,42.1974335
202206DVGN6_ciat_rep2_BRA787_279,BRA787,NA,NA,NA
202206DVGN6_ciat_rep2_BRA803_320,BRA803,37.05029973,34.57946429,38.5743523
202206DVGN6_ciat_rep2_BRA872_327,BRA872,34.84364546,30.28257252,35.6507301
202206DVGN6_ciat_rep2_BRA890_214,BRA890,41.58166361,34.60505433,41.2904816
202206DVGN6_ciat_rep2_BRA894_259,BRA894,38.94218228,36.5450838,38.4772224
202206DVGN6_ciat_rep2_BRA899_190,BRA899,41.51845263,38.15658804,42.0454216
202206DVGN6_ciat_rep2_BRA93_364,BRA93,35.42172212,32.85910165,37.2104607
202206DVGN6_ciat_rep2_BRA974_309,BRA974,42.24777302,27.91054812,41.3997803
202206DVGN6_ciat_rep2_BRA997_240,BRA997,40.54718834,37.26807678,40.6862869
202206DVGN6_ciat_rep2_CG1141-1_301,CG1141-1_is_Costena,44.40262418,26.76066667,42.3413086
202206DVGN6_ciat_rep2_CM4919-1_370,CM4919-1_is_Veronica,36.79842927,33.48288448,36.0677414
202206DVGN6_ciat_rep2_COL1030_226,COL1030,36.18272316,32.73514056,36.4736214
202206DVGN6_ciat_rep2_COL113_213,COL113,37.58077507,36.62131896,37.8046875
202206DVGN6_ciat_rep2_COL1185_358,COL1185,34.88321339,22.05854937,37.0000763
202206DVGN6_ciat_rep2_COL1292_282,COL1292,41.74313074,37.97410866,40.6627464
202206DVGN6_ciat_rep2_COL1326_252,COL1326,37.22129245,26.72604594,38.6414375
202206DVGN6_ciat_rep2_COL1357_246,COL1357,44.10512093,38.13628258,42.5776176
202206DVGN6_ciat_rep2_COL1389_345,COL1389,39.3974821,27.36255034,37.7058296
202206DVGN6_ciat_rep2_COL1398_346,COL1398,39.57633849,37.38095381,40.6046715
202206DVGN6_ciat_rep2_COL1489_367,COL1489,36.22848099,31.66507813,39.1060791
202206DVGN6_ciat_rep2_COL1490_204,COL1490,36.90020755,33.99472285,36.5558395
202206DVGN6_ciat_rep2_COL1516_315,COL1516,38.0249377,34.98852752,38.82407
202206DVGN6_ciat_rep2_COL1517_330,COL1517,NA,NA,NA
202206DVGN6_ciat_rep2_COL1535_280,COL1535,44.51940355,39.4296139,44.8160477
202206DVGN6_ciat_rep2_COL1722_336,COL1722,44.93406895,40.53261228,44.4530678
202206DVGN6_ciat_rep2_COL1734_254,COL1734,39.98519881,37.70367825,37.2752495
202206DVGN6_ciat_rep2_COL1752_294,COL1752,NA,NA,NA
202206DVGN6_ciat_rep2_COL1786_340,COL1786,39.48113985,31.1272481,40.084137
202206DVGN6_ciat_rep2_COL191_307,COL191,NA,27.85614919,NA
202206DVGN6_ciat_rep2_COL2007_281,COL2007,37.73598252,32.32294282,38.3202438
202206DVGN6_ciat_rep2_COL2011_260,COL2011,46.86402653,40.19591382,45.840416
202206DVGN6_ciat_rep2_COL2019_219,COL2019,36.50139111,30.78098118,37.2590561
202206DVGN6_ciat_rep2_COL2054_211,COL2054,40.71194256,32.44179487,39.8902168
202206DVGN6_ciat_rep2_COL2059_334,COL2059,40.24762668,35.62840491,40.8276939
202206DVGN6_ciat_rep2_COL2131_278,COL2131,40.80627968,44.47071429,41.7186394
202206DVGN6_ciat_rep2_COL2144_322,COL2144,42.43841101,33.26319235,42.379261
202206DVGN6_ciat_rep2_COL2182_243,COL2182,41.61280324,36.17072072,42.7969818
202206DVGN6_ciat_rep2_COL2215_277,COL2215_is_Venezolana,45.46811664,40.57985075,44.4429817
202206DVGN6_ciat_rep2_COL22_268,COL22,44.20463742,36.81879607,41.8233185
202206DVGN6_ciat_rep2_COL223_337,COL223,47.55276772,44.57735849,46.2034874
202206DVGN6_ciat_rep2_COL2253_356,COL2253,42.78786019,33.50222268,40.7539101
202206DVGN6_ciat_rep2_COL226B_300,COL226B,NA,27.71833419,NA
202206DVGN6_ciat_rep2_COL2318_237,COL2318,35.99852654,31.18349448,36.4722404
202206DVGN6_ciat_rep2_COL2331_276,COL2331,34.94517645,NA,36.2140999
202206DVGN6_ciat_rep2_COL2353_338,COL2353,NA,23.40363636,NA
202206DVGN6_ciat_rep2_COL2361_285,COL2361,32.73502246,24.00893396,32.6940384
202206DVGN6_ciat_rep2_COL2387_208,COL2387,38.36648463,34.36676159,38.6903877
202206DVGN6_ciat_rep2_COL2436_221,COL2436,32.60020415,31.03741874,33.7824287
202206DVGN6_ciat_rep2_COL2493_347,COL2493,31.73353625,32.58172414,32.2659721
202206DVGN6_ciat_rep2_COL2510_343,COL2510,41.38458033,37.45094518,41.1220894
202206DVGN6_ciat_rep2_COL2526_299,COL2526,NA,20.15554017,NA
202206DVGN6_ciat_rep2_COL2627_271,COL2627,40.59537112,32.35897959,39.3044014
202206DVGN6_ciat_rep2_COL282_212,COL282,35.18584513,28.21208113,37.0641708
202206DVGN6_ciat_rep2_COL32_312,COL32,41.3270636,40.74063976,43.2678185
202206DVGN6_ciat_rep2_COL40_223,COL40,41.52788227,35.4087541,41.3570938
202206DVGN6_ciat_rep2_COL508_291,COL508,46.8632186,35.87988615,42.0990181
202206DVGN6_ciat_rep2_COL589_266,COL589,28.74515076,27.12448276,31.6657391
202206DVGN6_ciat_rep2_COL608_228,COL608,38.52653872,33.97278567,38.7859154
202206DVGN6_ciat_rep2_COL621_366,COL621,38.61455111,36.7154485,39.5889969
202206DVGN6_ciat_rep2_COL87_238,COL87,32.7865235,32.47971963,34.9285545
202206DVGN6_ciat_rep2_COL941_344,COL941,32.52686959,27.06537906,33.9435692
202206DVGN6_ciat_rep2_COL948C_350,COL948C,42.04722439,37.64505272,41.987133
202206DVGN6_ciat_rep2_CR22_193,CR22,36.52321309,35.04483533,36.4123497
202206DVGN6_ciat_rep2_CR28_355,CR28,NA,32.21382022,NA
202206DVGN6_ciat_rep2_CR63_316,CR63,38.81513001,35.41233468,38.7802849
202206DVGN6_ciat_rep2_CR77_286,CR77,32.63539185,32.3183106,33.475399
202206DVGN6_ciat_rep2_CUB29_256,CUB29,44.48967746,40.53608449,43.694912
202206DVGN6_ciat_rep2_CUB39_210,CUB39,NA,NA,NA
202206DVGN6_ciat_rep2_CUB42_225,CUB42,39.11618238,37.56342235,38.6805077
202206DVGN6_ciat_rep2_CUB56_349,CUB56,NA,NA,NA
202206DVGN6_ciat_rep2_CUB65_275,CUB65,39.19619881,39.45025991,42.1829567
202206DVGN6_ciat_rep2_DOM2_249,DOM2,42.49533289,38.33655187,42.9085617
202206DVGN6_ciat_rep2_DOM3_215,DOM3,40.85121965,32.05640309,42.5849648
202206DVGN6_ciat_rep2_ECU104_323,ECU104,29.7029109,22.12012448,32.9131279
202206DVGN6_ciat_rep2_ECU122_273,ECU122,41.06437099,31.25333976,39.3844948
202206DVGN6_ciat_rep2_ECU31_239,ECU31,43.79003846,37.9272555,44.3782578
202206DVGN6_ciat_rep2_ECU3_250,ECU3,41.05838317,38.57282609,42.8715897
202206DVGN6_ciat_rep2_ECU43_304,ECU43,40.15597531,32.90324675,40.4946442
202206DVGN6_ciat_rep2_ECU71_236,ECU71,44.09835793,39.4307958,44.3439941
202206DVGN6_ciat_rep2_ECU72_331,ECU72,33.40629704,26.55340008,35.0638123
202206DVGN6_ciat_rep2_GUA1_324,GUA1,NA,32.35060501,NA
202206DVGN6_ciat_rep2_GUA32_207,GUA32,40.64662896,35.61924528,41.4593544
202206DVGN6_ciat_rep2_GUA58_306,GUA58,40.68811194,30.63701657,40.8573914
202206DVGN6_ciat_rep2_MEX1_188,MEX1,33.9149908,25.67678804,35.5116501
202206DVGN6_ciat_rep2_MEX23_368,MEX23,35.70593899,30.11803685,36.8127518
202206DVGN6_ciat_rep2_MEX59_234,MEX59,40.35419751,35.20561759,41.6018753
202206DVGN6_ciat_rep2_MEX65_251,MEX65,41.30161577,34.47076923,40.8774872
202206DVGN6_ciat_rep2_MEX80_360,MEX80,39.32090771,36.40751748,38.5082893
202206DVGN6_ciat_rep2_MEX95_293,MEX95,40.27658916,36.65087163,39.005764
202206DVGN6_ciat_rep2_PAN12B_302,PAN12B,NA,37.98889908,NA
202206DVGN6_ciat_rep2_PAN7_257,PAN7,NA,27.79,NA
202206DVGN6_ciat_rep2_PAR100_224,PAR100,NA,NA,NA
202206DVGN6_ciat_rep2_PAR110_313,PAR110,35.7042703,32.26536232,36.0520859
202206DVGN6_ciat_rep2_PAR114_342,PAR114,39.85348115,33.94258635,40.7030029
202206DVGN6_ciat_rep2_PAR128_371,PAR128,NA,17.87589474,NA
202206DVGN6_ciat_rep2_PAR23_308,PAR23,39.66998278,39.05258769,38.1908112
202206DVGN6_ciat_rep2_PAR36_292,PAR36,41.25200909,35.68815385,41.0006828
202206DVGN6_ciat_rep2_PAR41_227,PAR41,42.27234224,33.73596608,40.5241966
202206DVGN6_ciat_rep2_PAR81_247,PAR81,42.56464282,33.56666667,41.5162849
202206DVGN6_ciat_rep2_PAR88_198,PAR88,41.17656551,29.73485217,39.6510201
202206DVGN6_ciat_rep2_PAR9_244,PAR9,41.32921613,29.98416396,39.9717903
202206DVGN6_ciat_rep2_PER222_270,PER222,42.47117878,35.49378151,42.117836
202206DVGN6_ciat_rep2_PER226_332,PER226,39.89205937,31.35988924,40.9842834
202206DVGN6_ciat_rep2_PER234_231,PER234,33.55509665,31.7152027,36.0977745
202206DVGN6_ciat_rep2_PER259_298,PER259,34.57724089,27.57674033,35.4324226
202206DVGN6_ciat_rep2_PER297_206,PER297,35.25626981,18.62476526,36.5057335
202206DVGN6_ciat_rep2_PER328_314,PER328,38.29419104,26.45105342,36.8513107
202206DVGN6_ciat_rep2_PER342_374,PER342,NA,30.03408844,NA
202206DVGN6_ciat_rep2_PER349_216,PER349,43.52841175,33.37845556,43.4033699
202206DVGN6_ciat_rep2_PER405_263,PER405,40.61024086,51.20980769,40.4741669
202206DVGN6_ciat_rep2_PER415_191,PER415,38.5667597,29.73203154,38.6971626
202206DVGN6_ciat_rep2_PER418_200,PER418,NA,27.36935897,NA
202206DVGN6_ciat_rep2_PER457_264,PER457,40.59086875,31.9955243,40.711483
202206DVGN6_ciat_rep2_PER476_317,PER476,35.32911876,27.44988606,34.4622879
202206DVGN6_ciat_rep2_PER481_335,PER481,NA,31.14018868,NA
202206DVGN6_ciat_rep2_PER484_319,PER484,30.71438206,26.78252201,33.2190781
202206DVGN6_ciat_rep2_PER520_205,PER520,41.78565833,37.27996366,41.9079437
202206DVGN6_ciat_rep2_PER534_369,PER534,42.40679493,40.04433735,41.3836479
202206DVGN6_ciat_rep2_PER556_192,PER556,39.70278597,26.25066465,40.7297859
202206DVGN6_ciat_rep2_PER584_202,PER584,42.34269257,34.94281633,42.0059204
202206DVGN6_ciat_rep2_PER589_310,PER589,35.77690455,30.60982981,35.9225273
202206DVGN6_ciat_rep2_PER593_194,PER593,45.18841591,33.06890473,44.693367
202206DVGN6_ciat_rep2_PTR1_357,PTR1,NA,NA,NA
202206DVGN6_ciat_rep2_PTR5_217,PTR5,37.48945729,32.60346614,38.5972099
202206DVGN6_ciat_rep2_SM1127-8_209,SM1127-8_is_Cubana,40.45048207,38.21173434,42.6757736
202206DVGN6_ciat_rep2_SM1127-8_255,SM1127-8_is_Cubana,45.43725856,36.69471137,44.3667564
202206DVGN6_ciat_rep2_SM1127-8_311,SM1127-8_is_Cubana,42.82591264,38.63864402,43.9977379
202206DVGN6_ciat_rep2_SM1127-8_341,SM1127-8_is_Cubana,NA,36.94275109,NA
202206DVGN6_ciat_rep2_SM2775-4_348,SM2775-4_is_Bellotti,46.13044037,40.95847737,45.8905182
202206DVGN6_ciat_rep2_SM2828-28_287,SM2828-28,44.46098625,40.50196826,43.3542213
202206DVGN6_ciat_rep2_SMB2446-2_248,SMB2446-2_is_Caiseli,43.69130373,43.02384899,44.3745766
202206DVGN6_ciat_rep2_TAI8_203,TAI8_is_TAI,40.16799594,35.04511617,40.8462715
202206DVGN6_ciat_rep2_USA2_289,USA2,38.19692847,36.81448753,38.6075897
202206DVGN6_ciat_rep2_USA5_220,USA5,43.41141053,31.54183347,43.9429512
202206DVGN6_ciat_rep2_VEN128_222,VEN128,39.6460915,21.72154229,39.8989029
202206DVGN6_ciat_rep2_VEN149_359,VEN149,41.57189754,37.59312647,42.6991882
202206DVGN6_ciat_rep2_VEN151_262,VEN151,45.77526527,39.13230703,44.0340309
202206DVGN6_ciat_rep2_VEN180_326,VEN180,45.39209978,37.24914866,44.3056908
202206DVGN6_ciat_rep2_VEN192_283,VEN192,41.89231742,37.226928,41.49123
202206DVGN6_ciat_rep2_VEN208_267,VEN208,42.22477935,36.97714932,42.5229912
202206DVGN6_ciat_rep2_VEN25_229,VEN25,40.63902124,38.28555992,40.3275719
202206DVGN6_ciat_rep2_VEN312_245,VEN312,41.80657837,37.1932689,42.0439644
202232DVGN6_momi_rep1_ARG55_123,ARG55,NA,29.70503876,NA
202232DVGN6_momi_rep1_ARG62_39,ARG62,NA,33.77309373,NA
202232DVGN6_momi_rep1_ARG65_27,ARG65,NA,35.10671642,NA
202232DVGN6_momi_rep1_ARG67_45,ARG67,NA,33.38712773,NA
202232DVGN6_momi_rep1_ARG74_141,ARG74,NA,31.3236604,NA
202232DVGN6_momi_rep1_ARG97_46,ARG97,NA,29.4459711,NA
202232DVGN6_momi_rep1_BOL1_62,BOL1,NA,27.38908442,NA
202232DVGN6_momi_rep1_BRA1001_153,BRA1001,NA,32.12985858,NA
202232DVGN6_momi_rep1_BRA1022_165,BRA1022,NA,29.93196532,NA
202232DVGN6_momi_rep1_BRA1081_122,BRA1081,NA,34.91162643,NA
202232DVGN6_momi_rep1_BRA108_129,BRA108,NA,34.07984002,NA
202232DVGN6_momi_rep1_BRA1132_176,BRA1132,NA,31.98958944,NA
202232DVGN6_momi_rep1_BRA1139_152,BRA1139,NA,29.46330049,NA
202232DVGN6_momi_rep1_BRA1143_136,BRA1143,NA,30.95285171,NA
202232DVGN6_momi_rep1_BRA1177_96,BRA1177,NA,34.23415549,NA
202232DVGN6_momi_rep1_BRA1243_158,BRA1243,NA,31.76156069,NA
202232DVGN6_momi_rep1_BRA130_26,BRA130,NA,31.26954247,NA
202232DVGN6_momi_rep1_BRA1310_57,BRA1310,NA,35.6887119,NA
202232DVGN6_momi_rep1_BRA1320_115,BRA1320,NA,34.02735099,NA
202232DVGN6_momi_rep1_BRA134_117,BRA134,NA,35.6479835,NA
202232DVGN6_momi_rep1_BRA136_70,BRA136,NA,25.17316145,NA
202232DVGN6_momi_rep1_BRA1410_180,BRA1410,NA,35.44311654,NA
202232DVGN6_momi_rep1_BRA1412_169,BRA1412,NA,36.93215632,NA
202232DVGN6_momi_rep1_BRA144_82,BRA144,NA,34.73566442,NA
202232DVGN6_momi_rep1_BRA147_66,BRA147,NA,31.10098468,NA
202232DVGN6_momi_rep1_BRA162_30,BRA162,NA,30.45787243,NA
202232DVGN6_momi_rep1_BRA163_171,BRA163,NA,37.28926081,NA
202232DVGN6_momi_rep1_BRA172_130,BRA172,NA,34.16486608,NA
202232DVGN6_momi_rep1_BRA190_50,BRA190,NA,27.88261256,NA
202232DVGN6_momi_rep1_BRA1A_47,BRA1A,NA,32.9215704,NA
202232DVGN6_momi_rep1_BRA222_184,BRA222,NA,35.28925811,NA
202232DVGN6_momi_rep1_BRA223_89,BRA223,NA,34.07117806,NA
202232DVGN6_momi_rep1_BRA253_125,BRA253,NA,31.99870385,NA
202232DVGN6_momi_rep1_BRA254_108,BRA254,NA,25.53655617,NA
202232DVGN6_momi_rep1_BRA327_177,BRA327,NA,26.23552036,NA
202232DVGN6_momi_rep1_BRA334_10,BRA334,NA,31.2806433,NA
202232DVGN6_momi_rep1_BRA335_17,BRA335,NA,33.29167262,NA
202232DVGN6_momi_rep1_BRA354_48,BRA354,NA,20.83852643,NA
202232DVGN6_momi_rep1_BRA467_167,BRA467,NA,32.80321308,NA
202232DVGN6_momi_rep1_BRA486_132,BRA486,NA,34.90355505,NA
202232DVGN6_momi_rep1_BRA512_23,BRA512,NA,35.17542176,NA
202232DVGN6_momi_rep1_BRA538_179,BRA538,NA,35.79218326,NA
202232DVGN6_momi_rep1_BRA563_5,BRA563,NA,32.13553459,NA
202232DVGN6_momi_rep1_BRA707_72,BRA707,NA,22.80416667,NA
202232DVGN6_momi_rep1_BRA71_4,BRA71,NA,34.56538462,NA
202232DVGN6_momi_rep1_BRA787_151,BRA787,NA,24.61575092,NA
202232DVGN6_momi_rep1_BRA803_29,BRA803,NA,40.32387964,NA
202232DVGN6_momi_rep1_BRA872_134,BRA872,NA,18.74893048,NA
202232DVGN6_momi_rep1_BRA890_38,BRA890,NA,34.07984002,NA
202232DVGN6_momi_rep1_BRA894_170,BRA894,NA,30.70197089,NA
202232DVGN6_momi_rep1_BRA899_112,BRA899,NA,30.53451472,NA
202232DVGN6_momi_rep1_BRA93_121,BRA93,NA,32.59710026,NA
202232DVGN6_momi_rep1_BRA974_104,BRA974,NA,27.43357925,NA
202232DVGN6_momi_rep1_BRA997_92,BRA997,NA,24.87309746,NA
202232DVGN6_momi_rep1_CG1141-1_71,CG1141-1_is_Costena,NA,36.14351145,NA
202232DVGN6_momi_rep1_CM4919-1_105,CM4919-1_is_Veronica,NA,35.58877551,NA
202232DVGN6_momi_rep1_COL1030_173,COL1030,NA,NA,NA
202232DVGN6_momi_rep1_COL113_172,COL113,NA,28.99026772,NA
202232DVGN6_momi_rep1_COL1185_146,COL1185,NA,31.3236604,NA
202232DVGN6_momi_rep1_COL1292_54,COL1292,NA,33.28841727,NA
202232DVGN6_momi_rep1_COL1326_142,COL1326,NA,23.47887676,NA
202232DVGN6_momi_rep1_COL1357_182,COL1357,NA,31.60574844,NA
202232DVGN6_momi_rep1_COL1389_154,COL1389,NA,31.18658192,NA
202232DVGN6_momi_rep1_COL1398_118,COL1398,NA,30.88977128,NA
202232DVGN6_momi_rep1_COL1489_13,COL1489,NA,27.72132391,NA
202232DVGN6_momi_rep1_COL1490_147,COL1490,NA,29.59227941,NA
202232DVGN6_momi_rep1_COL1516_1,COL1516,NA,33.79444444,NA
202232DVGN6_momi_rep1_COL1517_162,COL1517,NA,33.36659908,NA
202232DVGN6_momi_rep1_COL1535_8,COL1535,NA,33.57762022,NA
202232DVGN6_momi_rep1_COL1722_175,COL1722,NA,35.51,NA
202232DVGN6_momi_rep1_COL1734_138,COL1734,NA,37.2179646,NA
202232DVGN6_momi_rep1_COL1752_24,COL1752,NA,37.91120401,NA
202232DVGN6_momi_rep1_COL1786_166,COL1786,NA,31.14581078,NA
202232DVGN6_momi_rep1_COL191_40,COL191,NA,28.80866957,NA
202232DVGN6_momi_rep1_COL2007_126,COL2007,NA,30.72292576,NA
202232DVGN6_momi_rep1_COL2011_65,COL2011,NA,32.09404802,NA
202232DVGN6_momi_rep1_COL2019_32,COL2019,NA,24.53947368,NA
202232DVGN6_momi_rep1_COL2054_81,COL2054,NA,34.26461676,NA
202232DVGN6_momi_rep1_COL2059_156,COL2059,NA,32.68501577,NA
202232DVGN6_momi_rep1_COL2131_102,COL2131,NA,26.91718364,NA
202232DVGN6_momi_rep1_COL2144_25,COL2144,NA,34.11308568,NA
202232DVGN6_momi_rep1_COL2182_3,COL2182,NA,31.7689124,NA
202232DVGN6_momi_rep1_COL22_100,COL22,NA,32.36647332,NA
202232DVGN6_momi_rep1_COL2215_113,COL2215_is_Venezolana,NA,39.13157614,NA
202232DVGN6_momi_rep1_COL223_49,COL223,NA,37.64505272,NA
202232DVGN6_momi_rep1_COL2253_67,COL2253,NA,33.93312303,NA
202232DVGN6_momi_rep1_COL226B_63,COL226B,NA,23.90424214,NA
202232DVGN6_momi_rep1_COL2318_145,COL2318,NA,30.97209816,NA
202232DVGN6_momi_rep1_COL2331_74,COL2331,NA,25.01476462,NA
202232DVGN6_momi_rep1_COL2353_9,COL2353,NA,34.99718294,NA
202232DVGN6_momi_rep1_COL2361_161,COL2361,NA,21.35988736,NA
202232DVGN6_momi_rep1_COL2387_15,COL2387,NA,26.8469119,NA
202232DVGN6_momi_rep1_COL2436_16,COL2436,NA,29.04189189,NA
202232DVGN6_momi_rep1_COL2493_64,COL2493,NA,22.96042654,NA
202232DVGN6_momi_rep1_COL2510_150,COL2510,NA,33.98526858,NA
202232DVGN6_momi_rep1_COL2526_75,COL2526,NA,30.00914329,NA
202232DVGN6_momi_rep1_COL2627_18,COL2627,NA,26.44647775,NA
202232DVGN6_momi_rep1_COL282_85,COL282,NA,29.04189189,NA
202232DVGN6_momi_rep1_COL32_114,COL32,NA,32.03958948,NA
202232DVGN6_momi_rep1_COL40_168,COL40,NA,32.04144036,NA
202232DVGN6_momi_rep1_COL508_148,COL508,NA,36.38396226,NA
202232DVGN6_momi_rep1_COL589_149,COL589,NA,21.25318665,NA
202232DVGN6_momi_rep1_COL608_53,COL608,NA,27.22810127,NA
202232DVGN6_momi_rep1_COL621_34,COL621,NA,34.89821499,NA
202232DVGN6_momi_rep1_COL87_135,COL87,NA,24.59106535,NA
202232DVGN6_momi_rep1_COL941_110,COL941,NA,22.47772277,NA
202232DVGN6_momi_rep1_COL948C_41,COL948C,NA,36.0406326,NA
202232DVGN6_momi_rep1_CR22_21,CR22,NA,31.96489714,NA
202232DVGN6_momi_rep1_CR28_76,CR28,NA,25.91462264,NA
202232DVGN6_momi_rep1_CR63_88,CR63,NA,32.1976731,NA
202232DVGN6_momi_rep1_CR77_124,CR77,NA,36.0406326,NA
202232DVGN6_momi_rep1_CUB29_91,CUB29,NA,33.58901869,NA
202232DVGN6_momi_rep1_CUB39_58,CUB39,NA,25.89938776,NA
202232DVGN6_momi_rep1_CUB42_101,CUB42,NA,30.67578445,NA
202232DVGN6_momi_rep1_CUB56_19,CUB56,NA,31.76156069,NA
202232DVGN6_momi_rep1_CUB65_111,CUB65,NA,33.59530011,NA
202232DVGN6_momi_rep1_DOM2_109,DOM2,NA,35.9925,NA
202232DVGN6_momi_rep1_DOM3_116,DOM3,NA,37.58677639,NA
202232DVGN6_momi_rep1_ECU104_174,ECU104,NA,27.6283552,NA
202232DVGN6_momi_rep1_ECU122_73,ECU122,NA,31.02524059,NA
202232DVGN6_momi_rep1_ECU31_140,ECU31,NA,26.22219564,NA
202232DVGN6_momi_rep1_ECU3_90,ECU3,NA,32.00011338,NA
202232DVGN6_momi_rep1_ECU43_43,ECU43,NA,32.91499079,NA
202232DVGN6_momi_rep1_ECU71_183,ECU71,NA,37.15542885,NA
202232DVGN6_momi_rep1_ECU72_35,ECU72,NA,29.72279305,NA
202232DVGN6_momi_rep1_GUA1_143,GUA1,NA,33.025125,NA
202232DVGN6_momi_rep1_GUA32_119,GUA32,NA,36.23906999,NA
202232DVGN6_momi_rep1_GUA58_69,GUA58,NA,34.44814126,NA
202232DVGN6_momi_rep1_MEX1_2,MEX1,NA,30.35614525,NA
202232DVGN6_momi_rep1_MEX23_178,MEX23,NA,30.03854369,NA
202232DVGN6_momi_rep1_MEX59_28,MEX59,NA,28.62966957,NA
202232DVGN6_momi_rep1_MEX65_98,MEX65,NA,29.08689502,NA
202232DVGN6_momi_rep1_MEX80_103,MEX80,NA,33.57762022,NA
202232DVGN6_momi_rep1_MEX95_14,MEX95,NA,32.17088068,NA
202232DVGN6_momi_rep1_PAN12B_87,PAN12B,NA,32.68501577,NA
202232DVGN6_momi_rep1_PAN7_78,PAN7,NA,35.02988551,NA
202232DVGN6_momi_rep1_PAR100_95,PAR100,NA,30.97478134,NA
202232DVGN6_momi_rep1_PAR110_99,PAR110,NA,26.9807998,NA
202232DVGN6_momi_rep1_PAR114_163,PAR114,NA,31.37343355,NA
202232DVGN6_momi_rep1_PAR128_107,PAR128,NA,25.08927393,NA
202232DVGN6_momi_rep1_PAR23_159,PAR23,NA,31.57458671,NA
202232DVGN6_momi_rep1_PAR36_68,PAR36,NA,29.70503876,NA
202232DVGN6_momi_rep1_PAR41_22,PAR41,NA,30.80134752,NA
202232DVGN6_momi_rep1_PAR81_44,PAR81,NA,29.44777413,NA
202232DVGN6_momi_rep1_PAR88_56,PAR88,NA,31.49127323,NA
202232DVGN6_momi_rep1_PAR9_55,PAR9,NA,30.20578231,NA
202232DVGN6_momi_rep1_PER222_12,PER222,NA,30.12347839,NA
202232DVGN6_momi_rep1_PER226_139,PER226,NA,30.81535889,NA
202232DVGN6_momi_rep1_PER234_36,PER234,NA,27.02279503,NA
202232DVGN6_momi_rep1_PER259_79,PER259,NA,23.21971552,NA
202232DVGN6_momi_rep1_PER297_60,PER297,NA,31.26954247,NA
202232DVGN6_momi_rep1_PER328_160,PER328,NA,25.83253558,NA
202232DVGN6_momi_rep1_PER342_59,PER342,NA,29.41262189,NA
202232DVGN6_momi_rep1_PER349_20,PER349,NA,35.12157233,NA
202232DVGN6_momi_rep1_PER405_144,PER405,NA,28.8526802,NA
202232DVGN6_momi_rep1_PER415_52,PER415,NA,30.2247867,NA
202232DVGN6_momi_rep1_PER418_83,PER418,NA,27.51428571,NA
202232DVGN6_momi_rep1_PER457_93,PER457,NA,31.07870013,NA
202232DVGN6_momi_rep1_PER476_42,PER476,NA,26.25825397,NA
202232DVGN6_momi_rep1_PER481_37,PER481,NA,16.21,NA
202232DVGN6_momi_rep1_PER484_97,PER484,NA,23.70108814,NA
202232DVGN6_momi_rep1_PER520_80,PER520,NA,30.80679612,NA
202232DVGN6_momi_rep1_PER534_133,PER534,NA,31.65651807,NA
202232DVGN6_momi_rep1_PER556_164,PER556,NA,26.91085409,NA
202232DVGN6_momi_rep1_PER584_84,PER584,NA,26.09704632,NA
202232DVGN6_momi_rep1_PER589_6,PER589,NA,27.76698957,NA
202232DVGN6_momi_rep1_PER593_33,PER593,NA,34.34725636,NA
202232DVGN6_momi_rep1_PTR1_137,PTR1,NA,25.13943577,NA
202232DVGN6_momi_rep1_PTR5_131,PTR5,NA,26.91085409,NA
202232DVGN6_momi_rep1_SM2775-4_31,SM2775-4_is_Bellotti,NA,38.28272562,NA
202232DVGN6_momi_rep1_SM2775-4_61,SM2775-4_is_Bellotti,NA,39.28154559,NA
202232DVGN6_momi_rep1_SM2828-28_86,SM2828-28,NA,39.35761119,NA
202232DVGN6_momi_rep1_SMB2446-2_181,SMB2446-2_is_Caiseli,NA,36.73277242,NA
202232DVGN6_momi_rep1_TAI8_106,TAI8_is_TAI,NA,33.55055479,NA
202232DVGN6_momi_rep1_USA2_127,USA2,NA,28.33758708,NA
202232DVGN6_momi_rep1_USA5_157,USA5,NA,36.5282347,NA
202232DVGN6_momi_rep1_VEN128_120,VEN128,NA,33.14557196,NA
202232DVGN6_momi_rep1_VEN149_7,VEN149,NA,32.81004714,NA
202232DVGN6_momi_rep1_VEN151_155,VEN151,NA,35.85181234,NA
202232DVGN6_momi_rep1_VEN180_77,VEN180,NA,30.54603828,NA
202232DVGN6_momi_rep1_VEN192_94,VEN192,NA,35.81564496,NA
202232DVGN6_momi_rep1_VEN208_51,VEN208,NA,30.34341015,NA
202232DVGN6_momi_rep1_VEN25_11,VEN25,NA,35.60388213,NA
202232DVGN6_momi_rep1_VEN312_128,VEN312,NA,34.99545455,NA
202232DVGN6_momi_rep2_ARG55_348,ARG55,NA,33.25877873,NA
202232DVGN6_momi_rep2_ARG62_268,ARG62,NA,33.53857766,NA
202232DVGN6_momi_rep2_ARG65_344,ARG65,NA,30.9422426,NA
202232DVGN6_momi_rep2_ARG67_302,ARG67,NA,29.66066908,NA
202232DVGN6_momi_rep2_ARG74_353,ARG74,NA,33.66428571,NA
202232DVGN6_momi_rep2_ARG97_227,ARG97,NA,29.91981588,NA
202232DVGN6_momi_rep2_BOL1_194,BOL1,NA,27.05099532,NA
202232DVGN6_momi_rep2_BRA1001_237,BRA1001,NA,33.93411438,NA
202232DVGN6_momi_rep2_BRA1022_301,BRA1022,NA,32.77693319,NA
202232DVGN6_momi_rep2_BRA1081_267,BRA1081,NA,36.54553732,NA
202232DVGN6_momi_rep2_BRA108_366,BRA108,NA,34.23674093,NA
202232DVGN6_momi_rep2_BRA1132_229,BRA1132,NA,31.18785633,NA
202232DVGN6_momi_rep2_BRA1139_351,BRA1139,NA,30.06082341,NA
202232DVGN6_momi_rep2_BRA1143_342,BRA1143,NA,19.99095563,NA
202232DVGN6_momi_rep2_BRA1177_297,BRA1177,NA,31.03956547,NA
202232DVGN6_momi_rep2_BRA1243_273,BRA1243,NA,33.79444444,NA
202232DVGN6_momi_rep2_BRA130_290,BRA130,NA,29.97173913,NA
202232DVGN6_momi_rep2_BRA1310_188,BRA1310,NA,33.02728264,NA
202232DVGN6_momi_rep2_BRA1320_253,BRA1320,NA,35.09265301,NA
202232DVGN6_momi_rep2_BRA134_345,BRA134,NA,34.49501992,NA
202232DVGN6_momi_rep2_BRA136_314,BRA136,NA,17.88936331,NA
202232DVGN6_momi_rep2_BRA1410_288,BRA1410,NA,32.71564417,NA
202232DVGN6_momi_rep2_BRA1412_347,BRA1412,NA,36.23249567,NA
202232DVGN6_momi_rep2_BRA144_363,BRA144,NA,37.0808239,NA
202232DVGN6_momi_rep2_BRA147_260,BRA147,NA,35.77022472,NA
202232DVGN6_momi_rep2_BRA162_293,BRA162,NA,31.78567663,NA
202232DVGN6_momi_rep2_BRA163_339,BRA163,NA,37.37114038,NA
202232DVGN6_momi_rep2_BRA172_250,BRA172,NA,34.19104877,NA
202232DVGN6_momi_rep2_BRA190_361,BRA190,NA,31.33647526,NA
202232DVGN6_momi_rep2_BRA1A_355,BRA1A,NA,36.91930533,NA
202232DVGN6_momi_rep2_BRA222_202,BRA222,NA,38.43859544,NA
202232DVGN6_momi_rep2_BRA223_278,BRA223,NA,39.65913067,NA
202232DVGN6_momi_rep2_BRA253_277,BRA253,NA,32.24515419,NA
202232DVGN6_momi_rep2_BRA254_334,BRA254,NA,28.12204301,NA
202232DVGN6_momi_rep2_BRA327_190,BRA327,NA,30.04656372,NA
202232DVGN6_momi_rep2_BRA334_255,BRA334,NA,31.90987909,NA
202232DVGN6_momi_rep2_BRA335_298,BRA335,NA,33.22902822,NA
202232DVGN6_momi_rep2_BRA354_189,BRA354,NA,19.94410132,NA
202232DVGN6_momi_rep2_BRA467_328,BRA467,NA,30.23926905,NA
202232DVGN6_momi_rep2_BRA486_333,BRA486,NA,30.97084045,NA
202232DVGN6_momi_rep2_BRA512_235,BRA512,NA,31.26570796,NA
202232DVGN6_momi_rep2_BRA538_198,BRA538,NA,34.31701337,NA
202232DVGN6_momi_rep2_BRA563_280,BRA563,NA,33.08094799,NA
202232DVGN6_momi_rep2_BRA707_356,BRA707,NA,20.32346101,NA
202232DVGN6_momi_rep2_BRA71_258,BRA71,NA,32.98410138,NA
202232DVGN6_momi_rep2_BRA787_336,BRA787,NA,30.59727273,NA
202232DVGN6_momi_rep2_BRA803_365,BRA803,NA,31.27255541,NA
202232DVGN6_momi_rep2_BRA872_349,BRA872,NA,20.51905941,NA
202232DVGN6_momi_rep2_BRA890_244,BRA890,NA,32.76742001,NA
202232DVGN6_momi_rep2_BRA894_263,BRA894,NA,26.26802853,NA
202232DVGN6_momi_rep2_BRA899_201,BRA899,NA,33.36659908,NA
202232DVGN6_momi_rep2_BRA93_284,BRA93,NA,30.59727273,NA
202232DVGN6_momi_rep2_BRA974_211,BRA974,NA,29.08814544,NA
202232DVGN6_momi_rep2_BRA997_196,BRA997,NA,27.86104294,NA
202232DVGN6_momi_rep2_CG1141-1_308,CG1141-1_is_Costena,NA,36.32137222,NA
202232DVGN6_momi_rep2_CM4919-1_360,CM4919-1_is_Veronica,NA,34.73930995,NA
202232DVGN6_momi_rep2_COL1030_330,COL1030,NA,NA,NA
202232DVGN6_momi_rep2_COL113_341,COL113,NA,27.79680976,NA
202232DVGN6_momi_rep2_COL1185_322,COL1185,NA,31.16569674,NA
202232DVGN6_momi_rep2_COL1292_289,COL1292,NA,33.85959615,NA
202232DVGN6_momi_rep2_COL1326_279,COL1326,NA,17.80858586,NA
202232DVGN6_momi_rep2_COL1357_208,COL1357,NA,35.05951239,NA
202232DVGN6_momi_rep2_COL1389_216,COL1389,NA,30.62457306,NA
202232DVGN6_momi_rep2_COL1398_261,COL1398,NA,26.5226817,NA
202232DVGN6_momi_rep2_COL1489_251,COL1489,NA,28.81099865,NA
202232DVGN6_momi_rep2_COL1490_271,COL1490,NA,26.86461412,NA
202232DVGN6_momi_rep2_COL1516_269,COL1516,NA,31.39845972,NA
202232DVGN6_momi_rep2_COL1517_274,COL1517,NA,33.49890756,NA
202232DVGN6_momi_rep2_COL1535_323,COL1535,NA,33.29019812,NA
202232DVGN6_momi_rep2_COL1722_240,COL1722,NA,34.77681564,NA
202232DVGN6_momi_rep2_COL1734_213,COL1734,NA,36.36419624,NA
202232DVGN6_momi_rep2_COL1752_199,COL1752,NA,35.00507745,NA
202232DVGN6_momi_rep2_COL1786_316,COL1786,NA,31.80750157,NA
202232DVGN6_momi_rep2_COL191_285,COL191,NA,30.83907563,NA
202232DVGN6_momi_rep2_COL2007_309,COL2007,NA,29.20149254,NA
202232DVGN6_momi_rep2_COL2011_230,COL2011,NA,32.92068323,NA
202232DVGN6_momi_rep2_COL2019_327,COL2019,NA,21.89337017,NA
202232DVGN6_momi_rep2_COL2054_358,COL2054,NA,33.92336266,NA
202232DVGN6_momi_rep2_COL2059_304,COL2059,NA,27.86104294,NA
202232DVGN6_momi_rep2_COL2131_203,COL2131,NA,31.79303864,NA
202232DVGN6_momi_rep2_COL2144_281,COL2144,NA,35.44681722,NA
202232DVGN6_momi_rep2_COL2182_238,COL2182,NA,32.6299117,NA
202232DVGN6_momi_rep2_COL2215_215,COL2215_is_Venezolana,NA,39.85804598,NA
202232DVGN6_momi_rep2_COL22_313,COL22,NA,30.59727273,NA
202232DVGN6_momi_rep2_COL223_226,COL223,NA,35.55331788,NA
202232DVGN6_momi_rep2_COL2253_249,COL2253,NA,37.5702454,NA
202232DVGN6_momi_rep2_COL226B_275,COL226B,NA,25.95424628,NA
202232DVGN6_momi_rep2_COL2318_307,COL2318,NA,27.29077692,NA
202232DVGN6_momi_rep2_COL2331_367,COL2331,NA,20.71740506,NA
202232DVGN6_momi_rep2_COL2353_368,COL2353,NA,34.27098765,NA
202232DVGN6_momi_rep2_COL2361_212,COL2361,NA,25.59830508,NA
202232DVGN6_momi_rep2_COL2387_343,COL2387,NA,28.92134805,NA
202232DVGN6_momi_rep2_COL2436_305,COL2436,NA,28.21840317,NA
202232DVGN6_momi_rep2_COL2493_241,COL2493,NA,28.53623088,NA
202232DVGN6_momi_rep2_COL2510_338,COL2510,NA,36.41898839,NA
202232DVGN6_momi_rep2_COL2526_222,COL2526,NA,29.57669048,NA
202232DVGN6_momi_rep2_COL2627_357,COL2627,NA,28.14935795,NA
202232DVGN6_momi_rep2_COL282_295,COL282,NA,33.51576862,NA
202232DVGN6_momi_rep2_COL32_294,COL32,NA,35.77022472,NA
202232DVGN6_momi_rep2_COL40_248,COL40,NA,34.24217059,NA
202232DVGN6_momi_rep2_COL508_270,COL508,NA,34.19273311,NA
202232DVGN6_momi_rep2_COL589_300,COL589,NA,32.18119266,NA
202232DVGN6_momi_rep2_COL608_276,COL608,NA,30.41656816,NA
202232DVGN6_momi_rep2_COL621_292,COL621,NA,37.11226415,NA
202232DVGN6_momi_rep2_COL87_243,COL87,NA,29.79098074,NA
202232DVGN6_momi_rep2_COL941_204,COL941,NA,23.23955582,NA
202232DVGN6_momi_rep2_COL948C_306,COL948C,NA,36.80745534,NA
202232DVGN6_momi_rep2_CR22_262,CR22,NA,29.92558358,NA
202232DVGN6_momi_rep2_CR28_193,CR28,NA,NA,NA
202232DVGN6_momi_rep2_CR63_252,CR63,NA,31.99308527,NA
202232DVGN6_momi_rep2_CR77_331,CR77,NA,36.68830268,NA
202232DVGN6_momi_rep2_CUB29_282,CUB29,NA,33.97224469,NA
202232DVGN6_momi_rep2_CUB39_321,CUB39,NA,24.94512987,NA
202232DVGN6_momi_rep2_CUB42_232,CUB42,NA,31.07627824,NA
202232DVGN6_momi_rep2_CUB56_205,CUB56,NA,33.59115607,NA
202232DVGN6_momi_rep2_CUB65_187,CUB65,NA,33.50758564,NA
202232DVGN6_momi_rep2_DOM2_287,DOM2,NA,31.45352388,NA
202232DVGN6_momi_rep2_DOM3_303,DOM3,NA,30.8767503,NA
202232DVGN6_momi_rep2_ECU104_319,ECU104,NA,28.73417266,NA
202232DVGN6_momi_rep2_ECU122_223,ECU122,NA,30.17411765,NA
202232DVGN6_momi_rep2_ECU31_254,ECU31,NA,31.36368847,NA
202232DVGN6_momi_rep2_ECU3_324,ECU3,NA,35.02782231,NA
202232DVGN6_momi_rep2_ECU43_315,ECU43,NA,24.40469256,NA
202232DVGN6_momi_rep2_ECU71_225,ECU71,NA,36.09702504,NA
202232DVGN6_momi_rep2_ECU72_265,ECU72,NA,30.37918048,NA
202232DVGN6_momi_rep2_GUA1_236,GUA1,NA,31.10098468,NA
202232DVGN6_momi_rep2_GUA32_332,GUA32,NA,28.84594241,NA
202232DVGN6_momi_rep2_GUA58_234,GUA58,NA,26.92803539,NA
202232DVGN6_momi_rep2_MEX1_257,MEX1,NA,31.9137552,NA
202232DVGN6_momi_rep2_MEX23_242,MEX23,NA,29.40699278,NA
202232DVGN6_momi_rep2_MEX59_207,MEX59,NA,33.36133005,NA
202232DVGN6_momi_rep2_MEX65_192,MEX65,NA,32.37814752,NA
202232DVGN6_momi_rep2_MEX80_346,MEX80,NA,36.36314703,NA
202232DVGN6_momi_rep2_MEX95_228,MEX95,NA,34.88664596,NA
202232DVGN6_momi_rep2_PAN12B_318,PAN12B,NA,32.40984252,NA
202232DVGN6_momi_rep2_PAN7_326,PAN7,NA,25.89938776,NA
202232DVGN6_momi_rep2_PAR100_296,PAR100,NA,33.65499603,NA
202232DVGN6_momi_rep2_PAR110_291,PAR110,NA,33.79444444,NA
202232DVGN6_momi_rep2_PAR114_256,PAR114,NA,29.97173913,NA
202232DVGN6_momi_rep2_PAR128_340,PAR128,NA,25.03192568,NA
202232DVGN6_momi_rep2_PAR23_311,PAR23,NA,26.610746,NA
202232DVGN6_momi_rep2_PAR36_266,PAR36,NA,28.46582492,NA
202232DVGN6_momi_rep2_PAR41_214,PAR41,NA,33.69167154,NA
202232DVGN6_momi_rep2_PAR81_364,PAR81,NA,33.07597889,NA
202232DVGN6_momi_rep2_PAR88_286,PAR88,NA,29.62186441,NA
202232DVGN6_momi_rep2_PAR9_217,PAR9,NA,33.63345159,NA
202232DVGN6_momi_rep2_PER222_210,PER222,NA,30.49270139,NA
202232DVGN6_momi_rep2_PER226_337,PER226,NA,34.17098501,NA
202232DVGN6_momi_rep2_PER234_283,PER234,NA,27.18283891,NA
202232DVGN6_momi_rep2_PER259_264,PER259,NA,23.75708092,NA
202232DVGN6_momi_rep2_PER297_310,PER297,NA,31.77526211,NA
202232DVGN6_momi_rep2_PER328_335,PER328,NA,24.08210594,NA
202232DVGN6_momi_rep2_PER342_259,PER342,NA,30.31237624,NA
202232DVGN6_momi_rep2_PER349_320,PER349,NA,36.2472103,NA
202232DVGN6_momi_rep2_PER405_191,PER405,NA,26.56796043,NA
202232DVGN6_momi_rep2_PER415_312,PER415,NA,30.43402508,NA
202232DVGN6_momi_rep2_PER418_231,PER418,NA,29.43916409,NA
202232DVGN6_momi_rep2_PER457_220,PER457,NA,30.8718221,NA
202232DVGN6_momi_rep2_PER476_362,PER476,NA,27.6961566,NA
202232DVGN6_momi_rep2_PER481_209,PER481,NA,16.21,NA
202232DVGN6_momi_rep2_PER484_329,PER484,NA,25.9744391,NA
202232DVGN6_momi_rep2_PER520_325,PER520,NA,21.91601741,NA
202232DVGN6_momi_rep2_PER534_186,PER534,NA,38.57571333,NA
202232DVGN6_momi_rep2_PER556_197,PER556,NA,18.89237288,NA
202232DVGN6_momi_rep2_PER584_200,PER584,NA,32.12308654,NA
202232DVGN6_momi_rep2_PER589_239,PER589,NA,29.50555556,NA
202232DVGN6_momi_rep2_PER593_272,PER593,NA,31.61584071,NA
202232DVGN6_momi_rep2_PTR1_218,PTR1,NA,27.16338239,NA
202232DVGN6_momi_rep2_PTR5_246,PTR5,NA,28.66778426,NA
202232DVGN6_momi_rep2_SM2775-4_350,SM2775-4_is_Bellotti,NA,39.1346228,NA
202232DVGN6_momi_rep2_SM2775-4_359,SM2775-4_is_Bellotti,NA,39.28154559,NA
202232DVGN6_momi_rep2_SM2828-28_247,SM2828-28,NA,36.6537037,NA
202232DVGN6_momi_rep2_SMB2446-2_195,SMB2446-2_is_Caiseli,NA,39.02997047,NA
202232DVGN6_momi_rep2_TAI8_221,TAI8_is_TAI,NA,37.29819427,NA
202232DVGN6_momi_rep2_USA2_317,USA2,NA,27.11152019,NA
202232DVGN6_momi_rep2_USA5_299,USA5,NA,31.80589661,NA
202232DVGN6_momi_rep2_VEN128_352,VEN128,NA,34.34654631,NA
202232DVGN6_momi_rep2_VEN149_219,VEN149,NA,35.03928979,NA
202232DVGN6_momi_rep2_VEN151_354,VEN151,NA,36.80372942,NA
202232DVGN6_momi_rep2_VEN180_206,VEN180,NA,35.85713587,NA
202232DVGN6_momi_rep2_VEN192_185,VEN192,NA,37.24237473,NA
202232DVGN6_momi_rep2_VEN208_224,VEN208,NA,33.36659908,NA
202232DVGN6_momi_rep2_VEN25_233,VEN25,NA,33.70145426,NA
202232DVGN6_momi_rep2_VEN312_245,VEN312,NA,32.18119266,NA
202101DVGN6_ciat_rep1_ARG55_29,ARG55,38.78830941,35.35495096,40.7060394
202101DVGN6_ciat_rep1_ARG65_109,ARG65,NA,35.61666667,NA
202101DVGN6_ciat_rep1_ARG67_78,ARG67,34.31211061,34.36616349,35.742485
202101DVGN6_ciat_rep1_BOL1_114,BOL1,32.19255522,35.38548387,33.1076279
202101DVGN6_ciat_rep1_BRA1001_136,BRA1001,39.68998381,38.91995516,39.3116951
202101DVGN6_ciat_rep1_BRA1081_103,BRA1081,33.88921273,36.94751724,33.2322426
202101DVGN6_ciat_rep1_BRA108_77,BRA108,38.00200534,37.85285911,37.6015511
202101DVGN6_ciat_rep1_BRA1132_99,BRA1132,36.813812,32.29033178,37.6576767
202101DVGN6_ciat_rep1_BRA1139_117,BRA1139,31.7816809,34.57660736,31.64715
202101DVGN6_ciat_rep1_BRA1177_132,BRA1177,38.06841159,34.7179972,37.9599762
202101DVGN6_ciat_rep1_BRA1243_18,BRA1243,37.9145589,38.80441453,37.5171356
202101DVGN6_ciat_rep1_BRA130_88,BRA130,40.98775203,33.60403357,39.9307404
202101DVGN6_ciat_rep1_BRA1310_96,BRA1310,41.4469794,36.60253304,41.3364372
202101DVGN6_ciat_rep1_BRA136_8,BRA136,27.78931686,31.44761678,27.3602829
202101DVGN6_ciat_rep1_BRA1410_42,BRA1410,NA,33.28622351,NA
202101DVGN6_ciat_rep1_BRA144_34,BRA144,40.8545494,38.03896552,40.6228714
202101DVGN6_ciat_rep1_BRA147_102,BRA147,34.76519339,34.83494412,35.3750801
202101DVGN6_ciat_rep1_BRA162_129,BRA162,34.64485213,31.48355236,34.7998123
202101DVGN6_ciat_rep1_BRA163_87,BRA163,38.8115042,37.02412266,40.2434425
202101DVGN6_ciat_rep1_BRA190_58,BRA190,36.75123116,31.01129496,38.0696716
202101DVGN6_ciat_rep1_BRA1A_35,BRA1A,44.32693622,37.07846633,45.2633629
202101DVGN6_ciat_rep1_BRA222_43,BRA222,34.56921761,33.1115534,35.484108
202101DVGN6_ciat_rep1_BRA223_15,BRA223,40.88422439,32.44037452,40.6390152
202101DVGN6_ciat_rep1_BRA254_13,BRA254,NA,NA,NA
202101DVGN6_ciat_rep1_BRA327_89,BRA327,32.13503737,35.28925811,34.6104393
202101DVGN6_ciat_rep1_BRA334_52,BRA334,40.78147041,37.06865644,40.8888168
202101DVGN6_ciat_rep1_BRA335_48,BRA335,37.16502748,37.90945946,37.0317917
202101DVGN6_ciat_rep1_BRA512_4,BRA512,39.09697049,37.05082305,38.8222008
202101DVGN6_ciat_rep1_BRA563_11,BRA563,34.4270777,35.46596958,35.7457809
202101DVGN6_ciat_rep1_BRA707_68,BRA707,31.57073503,30.79368601,32.0596695
202101DVGN6_ciat_rep1_BRA787_6,BRA787,39.34518052,37.42010309,39.4076462
202101DVGN6_ciat_rep1_BRA872_69,BRA872,25.92966219,30.43518246,28.3568172
202101DVGN6_ciat_rep1_BRA890_128,BRA890,36.74885541,38.4429003,36.4502182
202101DVGN6_ciat_rep1_BRA894_27,BRA894,33.00373537,35.83914729,34.1404228
202101DVGN6_ciat_rep1_BRA899_32,BRA899,39.13123031,37.45094518,39.3929176
202101DVGN6_ciat_rep1_BRA93_122,BRA93,35.37949262,38.16044521,34.9355087
202101DVGN6_ciat_rep1_BRA974_10,BRA974,32.92083325,34.46052189,34.9927139
202101DVGN6_ciat_rep1_CG1141-1_75,CG1141-1_is_Costena,NA,38.05217918,NA
202101DVGN6_ciat_rep1_CM4919-1_56,CM4919-1_is_Veronica,NA,37.61337611,NA
202101DVGN6_ciat_rep1_COL1030_72,COL1030,27.39206276,26.81470337,28.8668823
202101DVGN6_ciat_rep1_COL1185_16,COL1185,37.20935039,34.50193855,37.44133
202101DVGN6_ciat_rep1_COL1292_12,COL1292,41.478534,37.33790932,41.3061333
202101DVGN6_ciat_rep1_COL1326_22,COL1326,30.57430882,31.25267192,31.1787205
202101DVGN6_ciat_rep1_COL1357_5,COL1357,37.21836035,34.90576082,36.7876205
202101DVGN6_ciat_rep1_COL1389_33,COL1389,36.35817035,34.56023408,37.4494972
202101DVGN6_ciat_rep1_COL1398_7,COL1398,35.04783301,35.77022472,35.6515083
202101DVGN6_ciat_rep1_COL1489_126,COL1489,33.49378987,31.35016353,34.3350449
202101DVGN6_ciat_rep1_COL1490_112,COL1490,33.51526254,37.12483165,34.3333092
202101DVGN6_ciat_rep1_COL1516_83,COL1516,35.23449976,34.9086284,35.1624947
202101DVGN6_ciat_rep1_COL1535_55,COL1535,35.79415659,37.79090909,37.3514328
202101DVGN6_ciat_rep1_COL1722_86,COL1722,40.10330454,29.1507636,38.9719582
202101DVGN6_ciat_rep1_COL1734_2,COL1734,38.4648195,39.7927289,38.3886566
202101DVGN6_ciat_rep1_COL1752_46,COL1752,40.32782338,38.81857143,38.9742661
202101DVGN6_ciat_rep1_COL1786_40,COL1786,39.03839267,33.63616862,38.9176826
202101DVGN6_ciat_rep1_COL191_130,COL191,32.64916284,32.88075106,34.6002502
202101DVGN6_ciat_rep1_COL2007_67,COL2007,32.59414057,32.51712402,33.5679779
202101DVGN6_ciat_rep1_COL2011_71,COL2011,41.87060803,35.99979712,41.8558044
202101DVGN6_ciat_rep1_COL2019_20,COL2019,26.84607579,27.3008183,28.1274147
202101DVGN6_ciat_rep1_COL2054_24,COL2054,36.63142043,38.49616756,36.4620056
202101DVGN6_ciat_rep1_COL2059_73,COL2059,39.48418731,40.33617064,42.1502876
202101DVGN6_ciat_rep1_COL2144_63,COL2144,NA,NA,NA
202101DVGN6_ciat_rep1_COL2182_3,COL2182,38.58672197,34.10512367,39.173748
202101DVGN6_ciat_rep1_COL2215_64,COL2215_is_Venezolana,NA,39.73513514,NA
202101DVGN6_ciat_rep1_COL226B_120,COL226B,36.94552119,34.66712159,36.9990616
202101DVGN6_ciat_rep1_COL2331_84,COL2331,28.86722459,31.9955243,29.5946083
202101DVGN6_ciat_rep1_COL2353_107,COL2353,36.34239022,38.38379121,36.3434753
202101DVGN6_ciat_rep1_COL2361_9,COL2361,32.86662915,34.30245563,33.2642174
202101DVGN6_ciat_rep1_COL2387_31,COL2387,37.16508333,34.09554795,38.0807724
202101DVGN6_ciat_rep1_COL2426_118,COL2426,37.56978644,36.57748855,37.7192192
202101DVGN6_ciat_rep1_COL2493_57,COL2493,28.51697194,32.12308654,29.4052544
202101DVGN6_ciat_rep1_COL2510_79,COL2510,34.09468187,32.67441614,34.6103935
202101DVGN6_ciat_rep1_COL2526_28,COL2526,31.03155365,33.55552536,32.1927071
202101DVGN6_ciat_rep1_COL2627_121,COL2627,37.43245244,34.24735995,38.5001984
202101DVGN6_ciat_rep1_COL282_25,COL282,35.66817747,35.1845191,35.1920395
202101DVGN6_ciat_rep1_COL304_95,COL304,40.29914519,26.50555556,38.7224922
202101DVGN6_ciat_rep1_COL32_81,COL32,39.14724509,35.84425479,40.3606758
202101DVGN6_ciat_rep1_COL40_100,COL40,34.29765826,35.77022472,35.7284775
202101DVGN6_ciat_rep1_COL508_49,COL508,39.81123898,36.60968801,39.6565628
202101DVGN6_ciat_rep1_COL621_97,COL621,33.72342911,36.64865914,34.111908
202101DVGN6_ciat_rep1_COL941_127,COL941,27.13426542,30.464739,29.557024
202101DVGN6_ciat_rep1_COL948C_61,COL948C,40.23924123,27.0111276,39.6851768
202101DVGN6_ciat_rep1_COL986_1,COL986,31.27066192,30.56140542,32.1621513
202101DVGN6_ciat_rep1_CR22_41,CR22,30.61107177,35.46517551,31.2727242
202101DVGN6_ciat_rep1_CR28_108,CR28,36.24911871,38.1058669,36.0944061
202101DVGN6_ciat_rep1_CR77_85,CR77,31.65199204,33.51576862,31.9688702
202101DVGN6_ciat_rep1_CUB29_36,CUB29,36.7803229,36.38712056,36.8880005
202101DVGN6_ciat_rep1_CUB39_21,CUB39,31.48093819,33.92479615,31.5072765
202101DVGN6_ciat_rep1_CUB56_19,CUB56,37.09336914,36.12350993,37.8035812
202101DVGN6_ciat_rep1_CUB65_134,CUB65,41.47853873,41.69756554,41.7390823
202101DVGN6_ciat_rep1_DOM3_123,DOM3,40.8133221,40.71929204,39.8107414
202101DVGN6_ciat_rep1_ECU104_110,ECU104,26.84607379,31.72183623,27.2845688
202101DVGN6_ciat_rep1_ECU31_98,ECU31,35.83113278,35.44149618,39.1243858
202101DVGN6_ciat_rep1_ECU3_45,ECU3,40.27247225,36.60968801,41.2534752
202101DVGN6_ciat_rep1_ECU43_131,ECU43,38.47580235,36.68144279,37.7460251
202101DVGN6_ciat_rep1_ECU71_91,ECU71,40.07720278,38.95648113,39.7910728
202101DVGN6_ciat_rep1_ECU72_94,ECU72,39.9015889,34.7527248,39.4237595
202101DVGN6_ciat_rep1_GUA1_124,GUA1,29.34683538,32.46915906,30.5870056
202101DVGN6_ciat_rep1_GUA32_105,GUA32,35.16878449,35.9925,35.9034042
202101DVGN6_ciat_rep1_MEX1_59,MEX1,32.20233339,34.32409639,31.4366283
202101DVGN6_ciat_rep1_MEX23_37,MEX23,32.16813118,34.34654631,33.1961021
202101DVGN6_ciat_rep1_MEX59_14,MEX59,36.29702062,35.84425479,36.3088303
202101DVGN6_ciat_rep1_MEX65_104,MEX65,39.90220993,38.40459842,38.4071922
202101DVGN6_ciat_rep1_MEX80_50,MEX80,35.36394565,33.52991726,35.3389168
202101DVGN6_ciat_rep1_PAN7_26,PAN7,NA,NA,NA
202101DVGN6_ciat_rep1_PAR100_119,PAR100,37.41479483,35.23163462,35.1422844
202101DVGN6_ciat_rep1_PAR101_66,PAR101,35.07278897,29.83828549,36.5017853
202101DVGN6_ciat_rep1_PAR114_51,PAR114,34.06667315,34.09097808,35.2992325
202101DVGN6_ciat_rep1_PAR128_106,PAR128,32.64961901,27.0692351,33.4036636
202101DVGN6_ciat_rep1_PAR23_125,PAR23,38.40317944,38.26973375,36.5167542
202101DVGN6_ciat_rep1_PAR36_70,PAR36,34.94954353,33.59927858,37.7134743
202101DVGN6_ciat_rep1_PAR41_76,PAR41,35.57091151,30.36398531,35.0909309
202101DVGN6_ciat_rep1_PAR81_60,PAR81,35.33968566,33.12328244,34.5395546
202101DVGN6_ciat_rep1_PER226_111,PER226,36.07389123,34.44814126,34.539856
202101DVGN6_ciat_rep1_PER234_62,PER234,37.80806025,30.95538177,37.2014885
202101DVGN6_ciat_rep1_PER297_23,PER297,38.67133265,35.77022472,37.7950134
202101DVGN6_ciat_rep1_PER328_113,PER328,33.38697416,32.55423174,34.2970047
202101DVGN6_ciat_rep1_PER349_74,PER349,43.85553968,36.27112676,42.0607147
202101DVGN6_ciat_rep1_PER415_47,PER415,39.0119532,34.57946429,40.337635
202101DVGN6_ciat_rep1_PER484_116,PER484,32.61768726,32.8960288,33.2350616
202101DVGN6_ciat_rep1_PER503_92,PER503,33.58920364,28.71435781,34.3623886
202101DVGN6_ciat_rep1_PER534_80,PER534,37.93040674,36.7154485,37.8176537
202101DVGN6_ciat_rep1_PER556_65,PER556,31.78284764,33.42557687,32.7131004
202101DVGN6_ciat_rep1_PER584_30,PER584,39.32131842,34.5940678,39.0431519
202101DVGN6_ciat_rep1_PER589_17,PER589,34.1251531,30.91174863,35.5461235
202101DVGN6_ciat_rep1_PER593_135,PER593,39.53207947,36.21845215,39.496048
202101DVGN6_ciat_rep1_PTR1_82,PTR1,33.52965151,29.8307377,33.5080681
202101DVGN6_ciat_rep1_PTR5_39,PTR5,32.12235938,30.57485392,32.382019
202101DVGN6_ciat_rep1_SM2775-4_38,SM2775-4_is_Bellotti,NA,41.00573081,NA
202101DVGN6_ciat_rep1_SMB2446-2_115,SMB2446-2_is_Caiseli,NA,41.4207256,NA
202101DVGN6_ciat_rep1_TAI8_90,TAI8_is_TAI,NA,32.87977893,NA
202101DVGN6_ciat_rep1_USA2_54,USA2,34.80160828,34.04290004,35.5060234
202101DVGN6_ciat_rep1_USA5_44,USA5,37.15392764,31.15121308,37.5451584
202101DVGN6_ciat_rep1_VEN128_133,VEN128,36.93043534,36.20505743,36.2904892
202101DVGN6_ciat_rep1_VEN208_101,VEN208,35.42721201,35.65447518,35.8213692
202101DVGN6_ciat_rep1_VEN25_93,VEN25,37.22710979,38.88319043,36.7569122
202101DVGN6_ciat_rep1_VEN312_53,VEN312,33.9292901,35.28925811,33.9441986
202101DVGN6_ciat_rep2_ARG55_206,ARG55,34.69927405,29.77903921,34.7652855
202101DVGN6_ciat_rep2_ARG65_161,ARG65,34.94485691,34.51042345,36.9451256
202101DVGN6_ciat_rep2_ARG67_171,ARG67,37.25226333,36.11095808,35.5428162
202101DVGN6_ciat_rep2_BOL1_194,BOL1,31.17017085,34.30266538,32.122757
202101DVGN6_ciat_rep2_BRA1001_196,BRA1001,38.9269383,38.08333333,38.0219955
202101DVGN6_ciat_rep2_BRA1081_208,BRA1081,33.71312751,38.38379121,35.1205597
202101DVGN6_ciat_rep2_BRA108_264,BRA108,37.83300639,39.61239028,36.6685219
202101DVGN6_ciat_rep2_BRA1132_179,BRA1132,33.58565793,36.56517039,34.5952225
202101DVGN6_ciat_rep2_BRA1139_175,BRA1139,36.24756852,32.50147059,35.2591438
202101DVGN6_ciat_rep2_BRA1177_252,BRA1177,38.5956694,34.41690265,38.1829491
202101DVGN6_ciat_rep2_BRA1243_267,BRA1243,32.48262478,34.38339713,31.7874508
202101DVGN6_ciat_rep2_BRA130_173,BRA130,36.55710543,33.87762535,36.9881096
202101DVGN6_ciat_rep2_BRA1310_193,BRA1310,39.40735348,34.71716642,39.0095978
202101DVGN6_ciat_rep2_BRA136_245,BRA136,25.04047098,31.93990093,27.319355
202101DVGN6_ciat_rep2_BRA1410_205,BRA1410,29.12441506,33.96159696,32.735424
202101DVGN6_ciat_rep2_BRA144_170,BRA144,40.13694965,37.88751119,39.3182144
202101DVGN6_ciat_rep2_BRA147_212,BRA147,38.05295175,36.8252403,37.792942
202101DVGN6_ciat_rep2_BRA162_148,BRA162,33.75937824,31.63364407,35.0025864
202101DVGN6_ciat_rep2_BRA163_242,BRA163,37.94072933,38.53418688,37.3898506
202101DVGN6_ciat_rep2_BRA190_163,BRA190,32.72537003,32.71165846,34.6200218
202101DVGN6_ciat_rep2_BRA1A_220,BRA1A,41.96460708,38.59416873,42.441555
202101DVGN6_ciat_rep2_BRA222_210,BRA222,34.17910824,34.22255021,33.8999596
202101DVGN6_ciat_rep2_BRA223_201,BRA223,35.16441335,32.89333821,34.0136147
202101DVGN6_ciat_rep2_BRA254_240,BRA254,29.94940301,33.02656477,30.3621616
202101DVGN6_ciat_rep2_BRA327_155,BRA327,32.30341058,35.49401105,32.0980263
202101DVGN6_ciat_rep2_BRA334_249,BRA334,40.93560387,38.23133581,39.9344482
202101DVGN6_ciat_rep2_BRA335_243,BRA335,35.5342941,40.46532625,35.270298
202101DVGN6_ciat_rep2_BRA512_223,BRA512,36.42609466,38.71527698,35.6651039
202101DVGN6_ciat_rep2_BRA563_167,BRA563,36.18929027,36.19685105,35.3507233
202101DVGN6_ciat_rep2_BRA707_265,BRA707,28.58774952,34.14155152,29.0460644
202101DVGN6_ciat_rep2_BRA787_198,BRA787,37.1460988,38.45309834,37.4257355
202101DVGN6_ciat_rep2_BRA872_172,BRA872,25.3421031,29.01206416,27.2118549
202101DVGN6_ciat_rep2_BRA890_190,BRA890,33.19823541,36.13903704,34.6592865
202101DVGN6_ciat_rep2_BRA894_191,BRA894,32.56980648,36.01630566,32.890358
202101DVGN6_ciat_rep2_BRA899_255,BRA899,40.47727288,38.54411229,39.3804779
202101DVGN6_ciat_rep2_BRA93_248,BRA93,37.32792475,37.43789531,37.3588638
202101DVGN6_ciat_rep2_BRA974_199,BRA974,35.27836886,34.67555476,35.5338058
202101DVGN6_ciat_rep2_CG1141-1_153,CG1141-1_is_Costena,NA,37.4033607,NA
202101DVGN6_ciat_rep2_CM4919-1_263,CM4919-1_is_Veronica,NA,38.7189742,NA
202101DVGN6_ciat_rep2_COL1030_218,COL1030,NA,23.15616845,NA
202101DVGN6_ciat_rep2_COL1185_177,COL1185,34.39138991,32.30423729,34.8293953
202101DVGN6_ciat_rep2_COL1292_229,COL1292,34.715289,38.05817364,35.1056023
202101DVGN6_ciat_rep2_COL1326_259,COL1326,31.52424304,26.76066667,31.8147373
202101DVGN6_ciat_rep2_COL1357_209,COL1357,34.73606044,33.03321308,35.3035736
202101DVGN6_ciat_rep2_COL1389_138,COL1389,34.2234397,36.83498239,34.3895264
202101DVGN6_ciat_rep2_COL1398_231,COL1398,34.76215187,37.61401639,34.7247467
202101DVGN6_ciat_rep2_COL1489_224,COL1489,32.25455275,30.29992051,32.2019653
202101DVGN6_ciat_rep2_COL1490_145,COL1490,34.39013573,34.27753358,34.6002159
202101DVGN6_ciat_rep2_COL1516_266,COL1516,36.35517734,37.86525424,36.4684486
202101DVGN6_ciat_rep2_COL1535_157,COL1535,35.77989177,37.91378721,35.79319
202101DVGN6_ciat_rep2_COL1722_189,COL1722,39.88840476,38.67710207,40.4436913
202101DVGN6_ciat_rep2_COL1734_268,COL1734,39.01573601,38.30628124,38.6021004
202101DVGN6_ciat_rep2_COL1752_227,COL1752,42.02904365,39.58572854,40.5814705
202101DVGN6_ciat_rep2_COL1786_216,COL1786,34.44079352,32.67942932,34.7579308
202101DVGN6_ciat_rep2_COL191_226,COL191,33.43515407,32.83876812,34.2579422
202101DVGN6_ciat_rep2_COL2007_203,COL2007,33.05089369,33.66928826,34.7672768
202101DVGN6_ciat_rep2_COL2011_140,COL2011,40.43768414,36.16452174,41.1733971
202101DVGN6_ciat_rep2_COL2019_178,COL2019,31.8008125,30.11373821,33.2319565
202101DVGN6_ciat_rep2_COL2054_230,COL2054,37.98548175,38.47710652,36.6907387
202101DVGN6_ciat_rep2_COL2059_225,COL2059,37.81968772,40.50490026,37.8435249
202101DVGN6_ciat_rep2_COL2144_207,COL2144,NA,31.59834969,NA
202101DVGN6_ciat_rep2_COL2182_158,COL2182,37.710727,32.30423729,38.0957527
202101DVGN6_ciat_rep2_COL2215_141,COL2215_is_Venezolana,NA,39.85145033,NA
202101DVGN6_ciat_rep2_COL226B_237,COL226B,35.87871786,29.85946387,36.0952682
202101DVGN6_ciat_rep2_COL2331_165,COL2331,30.74702573,29.37624232,29.8208637
202101DVGN6_ciat_rep2_COL2353_174,COL2353,32.40573602,38.62450644,35.032547
202101DVGN6_ciat_rep2_COL2361_256,COL2361,29.28232966,32.77209302,28.9309826
202101DVGN6_ciat_rep2_COL2387_262,COL2387,33.40426127,36.238515,34.8471527
202101DVGN6_ciat_rep2_COL2426_241,COL2426,37.51326867,30.61806358,37.0268135
202101DVGN6_ciat_rep2_COL2493_219,COL2493,28.49020163,26.45229645,28.2728539
202101DVGN6_ciat_rep2_COL2510_147,COL2510,34.02167883,32.34835526,34.16008
202101DVGN6_ciat_rep2_COL2526_200,COL2526,29.77589362,30.72974351,30.1087379
202101DVGN6_ciat_rep2_COL2627_164,COL2627,30.14494854,33.04836815,30.3756485
202101DVGN6_ciat_rep2_COL282_222,COL282,31.87614179,36.58795987,33.6575241
202101DVGN6_ciat_rep2_COL304_168,COL304,35.71154876,29.17303986,36.1702309
202101DVGN6_ciat_rep2_COL32_251,COL32,37.4949333,40.35913374,37.4566956
202101DVGN6_ciat_rep2_COL40_253,COL40,33.95954294,38.45875332,37.6318741
202101DVGN6_ciat_rep2_COL508_269,COL508,38.80359078,38.58747871,37.4471321
202101DVGN6_ciat_rep2_COL621_260,COL621,32.62435822,36.80547945,33.0547981
202101DVGN6_ciat_rep2_COL941_142,COL941,18.91132176,23.71833025,21.9483643
202101DVGN6_ciat_rep2_COL948C_258,COL948C,38.17379262,37.62940988,37.8040657
202101DVGN6_ciat_rep2_COL986_183,COL986,32.67818419,31.34480422,33.8286095
202101DVGN6_ciat_rep2_CR22_186,CR22,30.33333582,36.87722719,31.9496193
202101DVGN6_ciat_rep2_CR28_250,CR28,38.14944421,35.28826861,37.394249
202101DVGN6_ciat_rep2_CR77_221,CR77,29.75076885,33.96376986,32.5160942
202101DVGN6_ciat_rep2_CUB29_238,CUB29,38.08877632,38.75873401,37.7700157
202101DVGN6_ciat_rep2_CUB39_162,CUB39,28.75713922,34.17838428,30.0069332
202101DVGN6_ciat_rep2_CUB56_169,CUB56,36.49482262,35.43785047,36.4258232
202101DVGN6_ciat_rep2_CUB65_156,CUB65,41.93922908,39.85804598,41.6180344
202101DVGN6_ciat_rep2_DOM3_257,DOM3,40.98752877,39.41247781,40.0908699
202101DVGN6_ciat_rep2_ECU104_214,ECU104,32.06809646,30.51682199,31.9001446
202101DVGN6_ciat_rep2_ECU31_244,ECU31,36.28259949,37.5188351,35.1424751
202101DVGN6_ciat_rep2_ECU3_143,ECU3,40.62306121,38.41604493,39.3387527
202101DVGN6_ciat_rep2_ECU43_246,ECU43,37.33027622,34.50925926,35.8041267
202101DVGN6_ciat_rep2_ECU71_254,ECU71,40.97654638,40.48300613,40.7194214
202101DVGN6_ciat_rep2_ECU72_146,ECU72,37.7194084,35.24695405,37.4851608
202101DVGN6_ciat_rep2_GUA1_149,GUA1,30.97578295,34.53685163,31.4059315
202101DVGN6_ciat_rep2_GUA32_235,GUA32,35.73156565,35.93515942,36.2285004
202101DVGN6_ciat_rep2_MEX1_213,MEX1,33.26229542,35.69173615,34.5388527
202101DVGN6_ciat_rep2_MEX23_247,MEX23,36.87188938,35.9925,36.3889122
202101DVGN6_ciat_rep2_MEX59_217,MEX59,37.47516531,33.89317799,37.2504921
202101DVGN6_ciat_rep2_MEX65_272,MEX65,37.35078554,38.1258486,37.8137398
202101DVGN6_ciat_rep2_MEX80_184,MEX80,34.25849685,36.80970382,33.5774422
202101DVGN6_ciat_rep2_PAN7_215,PAN7,39.27836523,34.72573423,38.5039444
202101DVGN6_ciat_rep2_PAR100_204,PAR100,35.71614393,34.66264717,36.7800407
202101DVGN6_ciat_rep2_PAR101_197,PAR101,31.96783048,29.39833333,33.8239098
202101DVGN6_ciat_rep2_PAR114_139,PAR114,34.95995267,35.96742712,35.9655838
202101DVGN6_ciat_rep2_PAR128_232,PAR128,32.58404268,23.42292225,32.3506393
202101DVGN6_ciat_rep2_PAR23_228,PAR23,35.62156142,34.86817755,34.9521103
202101DVGN6_ciat_rep2_PAR36_160,PAR36,34.72948608,34.94331284,33.7614326
202101DVGN6_ciat_rep2_PAR41_181,PAR41,35.8054496,35.08932253,35.6168671
202101DVGN6_ciat_rep2_PAR81_159,PAR81,34.81065099,33.0973406,35.157917
202101DVGN6_ciat_rep2_PER226_270,PER226,36.57903958,35.34601307,36.3345871
202101DVGN6_ciat_rep2_PER234_234,PER234,36.92565097,34.56751775,36.3518982
202101DVGN6_ciat_rep2_PER297_144,PER297,39.28848152,34.88025674,37.9941521
202101DVGN6_ciat_rep2_PER328_180,PER328,29.78189529,29.65765449,32.0107498
202101DVGN6_ciat_rep2_PER349_187,PER349,42.85398494,39.33524931,42.5373573
202101DVGN6_ciat_rep2_PER415_271,PER415,38.15996664,36.19117647,38.5130463
202101DVGN6_ciat_rep2_PER484_166,PER484,30.97392703,30.98705854,30.9508743
202101DVGN6_ciat_rep2_PER503_137,PER503,38.4346104,30.69481356,38.7487144
202101DVGN6_ciat_rep2_PER534_202,PER534,38.0012556,40.46798084,37.6453514
202101DVGN6_ciat_rep2_PER556_151,PER556,33.34360006,37.47518569,32.3555336
202101DVGN6_ciat_rep2_PER584_176,PER584,42.0696493,36.28869188,42.6525574
202101DVGN6_ciat_rep2_PER589_195,PER589,34.97557352,34.38087184,34.6117096
202101DVGN6_ciat_rep2_PER593_261,PER593,39.94978722,36.62172317,40.3493042
202101DVGN6_ciat_rep2_PTR1_154,PTR1,30.15310363,29.86380392,31.8159008
202101DVGN6_ciat_rep2_PTR5_182,PTR5,34.42885734,30.06686636,34.8471336
202101DVGN6_ciat_rep2_SM2775-4_152,SM2775-4_is_Bellotti,NA,42.05791982,NA
202101DVGN6_ciat_rep2_SMB2446-2_188,SMB2446-2_is_Caiseli,NA,41.85687747,NA
202101DVGN6_ciat_rep2_TAI8_185,TAI8_is_TAI,NA,37.24958194,NA
202101DVGN6_ciat_rep2_USA2_233,USA2,32.94348622,36.70856956,33.4541283
202101DVGN6_ciat_rep2_USA5_236,USA5,37.4410011,35.11073494,35.8961601
202101DVGN6_ciat_rep2_VEN128_239,VEN128,36.35950975,36.69616795,37.1027298
202101DVGN6_ciat_rep2_VEN208_150,VEN208,36.97319763,34.72978723,36.2989235
202101DVGN6_ciat_rep2_VEN25_211,VEN25,35.23612315,38.35291193,34.8437347
202101DVGN6_ciat_rep2_VEN312_192,VEN312,33.55062082,35.38163895,34.7297974
